feature_id,col1
apn,50
eyr,0
bvc,0
hqq,0
dzo,0
jfi,50
ihy,50
ihd,50
uf,0
ai,50
hrs,50
gxn,0
lyw,50
msm,50
lyf,0
lam,0
euk,50
gpx,0
axc,0
ffw,50
jyh,50
gqz,50
khf,0
jry,0
hb,0
dui,0
aov,50
hwt,50
gpw,50
nlh,0
mfm,0
jfl,0
lti,0
mhh,50
mdt,0
hzq,50
dlg,50
gvj,50
kvt,50
kqq,0
nmx,0
gqx,0
djz,50
ayh,0
diq,0
aru,50
njm,50
dpz,0
dux,50
hma,0
ixu,50
apc,0
jwl,0
ua,50
jsi,50
jnh,50
aha,50
hiu,0
azw,0
get,0
jis,0
jfe,0
bbz,50
kwa,50
mho,50
kkg,0
dwl,0
eyg,50
kdn,50
ckx,50
bjj,0
mts,0
hut,50
hem,0
igt,0
fbx,0
kyn,0
iua,50
lyz,50
ifs,0
dzl,50
hvr,50
kjx,50
bjx,50
bib,50
jwf,0
ifm,50
bra,50
eho,50
lrr,0
cdf,50
fyg,0
mgb,0
aqc,0
crn,0
ly,50
njb,0
lng,0
msd,0
nkq,50
dre,0
krn,50
knm,0
mtc,50
gvm,0
hce,0
eww,50
muv,0
bam,0
lxj,0
lpd,0
ahq,0
jrj,50
cid,50
of,0
hpd,50
kjj,0
jmh,50
bdj,0
aur,50
hng,0
gcd,50
mty,0
bwm,50
lzb,50
mku,0
dek,0
cvb,50
mdj,50
deo,0
ffi,0
emm,50
goi,50
dyu,50
cvy,50
dtr,0
isc,0
hfp,0
dtv,50
efi,0
bpy,0
eit,50
gbv,0
avn,0
jck,50
bce,0
mcp,0
idr,0
ehx,50
aiw,0
agc,50
mkw,0
abd,50
cvl,0
ksq,50
gtt,0
ejn,0
dwe,50
nds,50
kza,50
eaj,0
kmy,50
edg,0
hvg,50
hoh,50
bga,50
nsj,50
hdm,0
lxn,0
acj,0
jgb,0
jea,0
cuy,50
cqq,0
fca,50
lba,50
jxe,0
sw,50
ilc,50
llu,50
kxj,0
fac,50
i,50
evr,50
fwu,50
jq,0
bbf,0
cxy,50
bya,50
jkf,50
iee,0
gxg,50
epw,0
mhp,0
tc,0
jom,0
ecr,0
gio,0
fr,0
gob,50
cqr,50
ncb,50
kbl,50
nga,0
eqd,0
kcs,0
ave,0
mj,0
mbr,0
dav,0
cko,50
awp,50
kio,0
hbz,50
leg,0
izb,0
jwi,50
dpe,0
eny,50
lxe,50
eqi,50
izr,0
aoy,50
ivs,50
mks,50
jbo,0
ph,50
czz,50
gzn,0
isj,0
mdq,50
dnu,50
dks,0
akf,0
fzs,50
bev,0
jdy,50
hah,0
kux,50
ekf,0
bqz,0
eck,50
mtp,50
aez,50
ire,0
cvc,50
dxu,50
cmn,50
izg,50
hzr,0
ijy,0
cp,0
lgv,0
enm,50
dp,50
lme,0
lmg,50
nhd,0
jor,50
ayy,50
iwp,0
cmw,50
fhj,50
lqm,0
kpb,50
efo,0
ddk,50
ntk,0
bqv,50
clc,50
yv,0
btw,50
ayl,0
bio,50
ljd,0
uv,50
jif,50
lxd,0
lna,50
gum,50
hhg,0
klb,0
ego,50
jyl,50
btd,50
gmc,0
nki,0
qy,0
nqt,0
bjm,50
nhp,0
ehq,50
gwa,50
iyt,0
lje,50
bin,50
flv,0
ewb,0
ihr,50
dcw,50
ps,0
ipq,0
kxa,0
axo,50
kkv,50
ioe,50
gym,0
hbr,0
yf,50
htx,50
gtc,50
nkx,0
ayz,50
bff,50
myc,0
jkc,0
jqt,0
bea,0
juk,50
ahi,50
dhd,50
cgj,50
fsf,0
bvx,0
bjl,0
x,0
cqj,0
dao,0
lss,0
kwt,50
fnq,50
cnd,50
bnk,0
fae,50
egz,0
nkh,50
fag,50
fgw,0
glq,0
hss,50
ggk,50
nao,0
inc,0
bxa,50
eol,50
rp,0
hlh,0
cav,50
jir,0
fvu,50
juw,50
gsl,0
hgz,0
eml,0
krf,0
btu,50
nfu,50
bno,0
bbb,50
qk,50
iej,0
amd,50
nav,0
aio,0
bci,50
hns,50
jid,0
iys,0
gtx,0
sv,0
jrg,50
nam,0
fwo,0
cnk,50
lce,50
iv,0
dox,0
gds,50
nqh,50
asr,50
cql,0
hzb,0
fah,0
khu,0
gbq,50
fcj,50
sq,0
msj,50
fhw,50
gra,0
ecc,50
dvq,50
ddt,50
mxq,0
kmx,0
bh,0
csm,50
amp,50
dcd,0
cci,50
jyk,0
iwh,50
acb,50
ixb,0
mf,50
gpm,50
iwk,0
jdv,50
enx,50
imo,0
mpm,0
uu,50
fdb,50
frv,50
mre,0
ipi,50
fat,0
ljb,50
ggy,0
faq,0
ngh,0
acs,50
hod,0
dtf,0
ahk,0
egy,50
jut,50
nng,50
cnh,50
gwv,50
ivp,50
adq,50
gwq,50
eir,0
cyj,0
agw,0
kot,50
dd,50
blp,0
kas,50
nqy,50
gjy,50
eqt,50
mi,50
azl,50
bkf,0
jrb,0
fjv,0
ul,50
niu,0
adx,50
hkw,50
ixa,50
afi,50
dwd,0
gek,50
gyq,50
dfq,50
kyl,50
bop,50
dxs,0
fcb,50
jsw,0
hpu,50
leh,50
dku,0
bbh,0
fpi,50
dht,50
jvx,0
jqz,50
kun,50
kkn,50
nee,50
gmy,0
dzt,0
cmg,50
hcz,0
fam,50
bad,0
mn,50
bnq,50
hts,50
dmd,0
etm,0
atq,50
hgo,0
boy,50
sm,50
gru,50
ndj,50
ld,50
baa,0
mk,50
ccj,0
bgh,0
fcw,50
eid,0
cv,0
dtd,0
kaw,50
fui,0
nfz,50
hmp,50
dwn,50
nhs,50
coh,50
ajr,50
gzy,50
kjc,50
iyc,50
lap,50
mkq,0
mnl,0
drt,0
hmd,0
ktv,50
fmx,0
eot,0
jpc,0
bje,0
hvs,50
cjz,0
jgu,50
jnk,50
mcu,50
rd,0
iju,0
cof,0
dit,0
fws,50
iwd,50
bdm,50
evt,0
brs,50
gnl,50
cjt,50
bms,0
dxv,0
ftm,0
atl,0
gcv,0
lqy,50
kbp,0
bcz,0
hqr,0
qh,50
fxp,50
naz,50
lxf,50
ivk,50
lbi,0
emb,50
kwr,0
gwb,0
gly,50
kbh,50
grr,50
ixo,0
duh,50
cpu,50
gam,50
fhq,0
jnd,50
hrx,0
cfw,50
gys,0
gkx,0
ipm,50
kts,50
cei,50
chb,0
khv,0
muk,50
gvi,50
bcp,0
ndy,0
bvk,50
iqh,0
kak,0
j,0
ry,50
eda,0
dug,0
emr,0
clb,50
flq,0
lbd,50
mph,50
bhr,50
hjk,0
gqj,0
irr,0
cgz,0
hwy,0
glx,50
ely,50
kop,50
hh,0
jgs,0
llo,0
edv,0
xb,50
mwh,0
jyx,50
gww,50
mju,0
jqa,50
lub,0
aoz,50
lua,0
nmk,50
dqv,50
doc,50
bze,50
mrf,0
kic,0
diz,50
mgw,0
ips,50
cph,50
bvi,0
idl,50
ms,0
cjq,50
cjo,50
nbe,0
jwx,50
jwk,50
hgl,50
noa,0
nml,50
gyv,50
cya,0
fwe,0
lxs,0
mml,50
kqo,0
r,0
jmv,0
ecf,50
mib,50
esa,50
hbl,50
ty,50
xe,50
fjy,50
dfn,0
ilj,0
kgz,0
bfw,0
ec,0
mze,50
lea,50
jd,50
esy,0
hvz,50
ksu,50
bp,0
bxh,0
anu,0
fpk,0
jjj,50
jku,0
lqp,0
ebe,50
jyq,0
mxz,0
lwh,0
lrj,50
moh,0
gsy,50
pb,50
msl,0
lri,50
mlr,0
hjg,0
gpf,0
loo,50
gll,50
jby,0
lrt,0
eui,50
fpl,50
kit,0
dkn,50
ghv,50
gfs,50
fvp,0
fug,0
bng,0
cit,0
lii,50
cyu,0
khi,0
gjr,50
die,0
nlq,0
jss,0
kzq,50
nqw,0
koc,50
fqf,50
brk,50
lwe,50
ipc,0
ete,50
nda,50
ikw,50
kqx,50
ghm,0
bna,50
dds,0
kdk,0
ian,0
cyn,50
jbj,0
cww,0
dyh,0
jmm,50
brb,50
hiq,0
iwy,50
fnu,50
kmj,50
klc,50
hmm,0
dxr,0
knv,50
mlg,0
huk,50
gyb,0
jiz,50
bdh,0
avc,50
mfk,50
aux,0
jky,50
edd,0
fdh,0
aom,0
jak,0
lbg,50
lzy,0
eza,0
epb,0
jgv,0
crs,50
ipw,50
ftd,0
hqe,0
jam,0
akv,50
kii,50
nii,0
ghe,50
egb,0
aae,0
jcr,0
bgj,50
ehm,50
lmx,50
chy,50
bni,50
feo,0
etf,0
grv,0
gsm,50
clv,50
kxo,0
ifk,50
dtk,0
gju,0
lx,50
gxt,50
jpm,50
kvo,0
cch,50
fpb,0
gbb,50
kln,50
lxu,50
dar,0
ajm,50
evp,50
mck,50
idb,0
che,0
eyu,50
evi,50
adh,50
bqp,50
esz,50
ndc,0
iue,0
elc,0
mfz,0
hmb,0
ze,0
lqh,0
kmr,50
bxp,50
lki,50
cbf,0
gvw,50
jtn,0
fjg,0
dkt,0
akw,50
cnj,50
fcc,0
ebv,0
gdi,50
hit,0
fcz,50
hxn,0
gwt,50
fxb,50
jwt,50
akh,50
ab,0
kyk,0
npi,0
bpb,0
egh,0
mnf,50
kcx,50
ftq,0
ej,50
fxu,50
iek,0
are,0
ehp,0
dne,50
mhd,0
joo,50
foy,50
xy,50
bmr,0
fbq,0
grg,50
nje,0
ngj,0
clq,0
iyy,50
bjb,50
isb,0
fno,0
mb,50
dsu,0
ckf,0
dsl,0
maj,50
mqb,50
my,0
lga,0
kko,0
kbc,50
jet,50
hx,0
fas,0
hsk,50
nlt,0
eur,0
apl,0
avl,50
nkk,50
ace,0
fkr,50
hxe,50
nly,0
lbh,0
ill,50
gae,50
ae,50
bfg,50
fsx,0
ern,50
jtp,50
css,0
bfb,50
lpr,50
zo,50
anw,50
epn,0
gtk,0
huw,50
jyj,50
foe,50
htq,50
lfu,0
gjj,50
cyv,0
cjr,50
dix,0
mwc,50
kho,50
lvj,0
jbh,50
ntl,0
iyn,50
gge,0
fve,0
hdh,0
adv,0
bqd,0
aws,0
lac,50
fit,0
jzr,0
cep,0
bde,0
kde,50
gbi,50
fpy,0
arh,0
etk,50
iop,50
kmk,50
ney,50
nbk,0
aad,0
nls,0
bwz,50
aku,50
hlf,0
epi,0
nmc,50
cte,50
loy,50
mpb,0
jbd,0
ccc,50
jfk,0
fpo,0
bcx,50
krh,0
eyk,50
fby,50
lip,0
god,0
hho,0
gxf,50
hbb,0
cwh,50
geh,50
ltx,50
mgs,0
cuu,50
hks,50
ejd,0
nsa,0
jwa,50
hbq,0
ele,0
dlf,50
ehk,0
amj,50
miu,50
krt,50
rn,50
gad,0
bns,0
dmg,50
jsb,0
mrq,0
aeq,0
py,50
hug,0
fyq,0
its,0
ntb,0
bxj,0
bqe,50
can,50
ajd,0
luj,0
bpf,50
gpk,0
coi,0
cvp,0
iae,0
miv,0
dkx,0
lot,0
lsj,0
jus,0
ndd,50
cii,0
hdu,50
lle,0
gba,50
kcg,50
lkx,0
bco,0
bmv,0
kty,0
bis,0
ksy,50
ghx,50
meu,50
vb,50
jec,50
mfy,0
mkh,0
lbm,0
iet,0
kzj,50
kdt,50
nna,50
jbv,0
drd,50
khz,50
jcf,0
jzb,50
euu,0
cul,50
nbs,50
eff,0
ggi,50
job,50
hgb,0
ept,0
bzf,50
iqu,0
bkq,50
mqg,50
bxf,50
hxk,0
akq,50
edt,0
dnb,50
lko,50
hno,0
bee,0
hkg,50
fpv,0
kj,50
mvh,50
dmb,50
bca,50
afp,0
an,0
gol,50
bu,50
dth,0
avr,0
btt,50
hdr,50
fxf,0
dhk,50
gyj,0
dus,0
jjk,50
gpg,0
jkq,50
jhj,50
lbv,50
bhk,0
muw,0
aej,50
hdj,50
jjz,50
dvh,50
gok,50
iew,50
bit,50
kjv,0
jcn,0
icm,0
ess,0
asy,50
ggc,50
jkv,50
gjz,0
hsl,50
ktr,50
hmc,50
hjj,0
dpg,0
hnh,50
dog,50
eqr,50
sz,0
bgv,0
jnn,0
eo,0
emc,50
kvz,0
alg,50
los,0
ffl,50
bsj,50
goh,50
kac,50
nhu,50
flh,50
laq,50
joy,0
ars,50
igw,0
beh,50
edb,0
dji,0
nsc,0
maw,50
gpy,50
dyq,0
hmj,50
gnt,50
bct,50
iqb,0
edq,0
aed,0
lqg,50
kad,0
eqp,0
dfj,50
ipb,0
hde,0
azb,50
iws,50
cjm,0
kfl,50
msq,0
nev,50
fth,0
aon,0
lew,0
gld,50
imh,0
mpn,0
cil,50
dga,0
mfg,50
cc,0
dnt,50
lfa,50
gbt,50
mfc,0
kjt,50
nmr,50
ndh,0
ciz,0
gyl,0
cbj,50
hpv,0
l,50
pr,0
lt,0
alh,50
bpc,50
fxj,0
tz,0
dhz,0
ff,0
cfc,50
ezu,0
mim,50
mkb,50
lst,0
eoa,50
cnb,0
gcg,0
bmo,50
ecb,0
brg,50
bwj,0
jmo,0
bgo,0
hzc,0
mow,50
eng,50
ffk,0
enr,50
fgk,50
cvm,0
nge,0
bkp,0
lqq,50
dyn,50
nbf,50
jwv,50
bbu,50
gbh,0
hqm,50
hfz,50
ban,0
hqc,50
etn,50
aos,50
itd,0
amb,0
nie,0
bmh,50
njp,0
msp,50
hnw,0
fiq,0
ea,50
bof,0
cgu,50
mzv,50
erd,0
lvu,0
cqz,0
iqg,0
cir,50
mwu,0
bn,50
egg,0
dka,0
kye,50
kgo,0
fup,50
fcl,50
jpl,50
mdd,0
atw,50
bx,0
adt,50
ibc,0
jvg,0
hkt,0
ehd,50
cec,50
jia,50
hfn,50
lqk,0
bdu,0
bbo,50
eyi,50
imy,50
gzx,50
ayb,50
abn,50
evd,0
ayu,50
ijj,50
lku,0
bzj,50
cew,50
fyf,0
cam,50
wq,0
kkp,50
dzw,50
eic,50
khd,50
jna,50
ljo,0
ggv,50
nbt,50
noi,50
huu,0
mqf,50
enl,0
mjg,0
lir,50
myp,50
knq,0
ilr,0
itj,0
gtr,0
fst,50
hry,50
aze,0
czl,0
dhj,50
jaq,0
gci,50
ibs,0
akr,50
bas,0
lsw,0
idj,50
ifh,0
gzg,0
nbh,50
xk,50
lbz,0
cls,0
dud,0
ked,50
cm,0
njr,50
lcv,0
cng,0
cgf,0
jgl,0
cxs,0
aef,0
ech,0
gro,50
izx,50
gjw,0
uk,0
nm,50
jru,0
fwc,0
iux,50
fcn,50
nbn,0
niz,0
krs,0
fyn,50
nnj,50
mmt,0
iag,0
gle,0
mpr,50
juc,0
njh,0
gvb,0
dkw,50
eog,50
juf,0
dfe,0
htv,0
dsb,50
dpi,50
jr,0
gtm,0
jkr,50
lae,0
jhk,0
fdg,50
ijr,0
cno,0
fkt,50
bal,50
fhx,50
mox,0
fzj,50
sr,0
op,50
ahf,50
mjw,0
mtg,0
jes,50
atg,50
izs,50
enh,50
cru,50
ayc,50
fsr,50
bij,0
lls,50
mvv,0
lzt,50
kwi,0
dvk,0
nal,50
jkp,50
fli,50
kjs,50
ijf,50
qm,50
ixz,50
bbl,0
jpr,0
eko,0
akl,0
mnw,50
ixv,50
ewa,0
nmj,0
inm,50
cso,0
cne,50
fow,0
ili,50
xu,50
hnu,0
fum,0
jyz,0
hxw,50
nia,0
frx,50
lrm,0
fun,50
axf,50
jix,0
su,50
ced,50
glh,0
itv,50
ceb,50
jg,50
dtp,50
gty,50
kkc,0
nmd,0
aja,0
lvz,0
kud,0
lxa,50
fqw,50
gij,0
fwd,50
wu,0
fgj,50
ejq,50
jur,50
fns,0
huj,50
ega,50
dfd,50
xz,0
dhi,50
wo,50
ksb,0
izi,50
aa,0
bcb,50
ns,0
ffa,0
oa,0
avz,0
hbs,50
elv,0
fys,50
bdr,50
daw,0
lru,50
a,50
ka,0
knk,50
djo,0
alx,50
cfr,50
bdn,0
fmg,0
dwj,50
aih,50
hci,0
lpc,0
grh,50
fvm,50
cvf,50
nnw,50
ikn,50
bvp,50
kik,50
bao,50
mot,50
asg,0
led,50
iix,50
cfn,50
fdl,0
ngl,50
fjo,50
hbo,0
kqr,50
ntf,0
to,50
jox,0
hrb,0
aln,50
kca,0
hyn,0
bzb,0
cej,0
ndi,0
kcd,0
vj,0
bqc,50
arf,50
do,50
cjd,50
doj,0
aaf,50
fhl,0
ur,50
akn,50
htl,50
lai,0
dbl,0
ifb,0
jyw,0
fzl,50
bnt,50
lro,0
zq,0
iay,0
nhw,50
kxl,0
dgz,50
dgd,0
fks,0
lvw,0
cmz,0
dqy,0
flx,50
rs,50
gza,50
man,0
gqr,0
bbw,50
hfi,50
eoc,0
bwu,50
nau,50
ldx,0
hxt,0
nte,50
btl,50
nps,50
gqh,0
fjh,0
clg,50
lwz,0
dwv,0
cup,0
knw,50
jlh,50
bae,0
ani,0
gln,50
bsn,0
nss,0
nfj,0
kbt,50
fdp,0
bvd,0
bfn,0
hek,50
aue,50
gmg,0
msc,50
mlm,50
lfc,0
bho,0
amm,50
hol,50
kyw,50
hdi,50
jkh,50
lbb,50
gow,0
gpj,50
tj,0
lao,0
hvw,50
kir,50
itz,0
az,0
nra,0
nhg,50
cap,0
ggx,0
elx,0
bfi,0
fkh,0
gtv,50
cse,0
ika,0
gl,50
btp,50
hmt,50
cld,50
cck,50
ful,50
acn,0
exp,50
dfb,50
lhq,50
neu,50
jv,50
dtc,50
gnn,50
jh,0
ilq,50
iuo,0
ith,0
dfy,50
iwv,50
tr,0
cao,0
mif,0
kjr,50
ejw,0
iga,0
dpl,50
jab,50
jjf,0
dto,50
md,50
jlk,0
ltn,0
dvu,0
mvz,0
czp,50
alc,50
ixd,0
ege,0
dxd,50
ewx,50
iou,50
dza,0
ca,0
fnm,0
aml,0
cuk,0
ew,0
eku,0
ltw,0
irc,0
joq,0
lsm,50
fnp,50
ktj,50
mcg,0
ixm,50
hln,50
axk,0
lsc,50
gsb,0
dii,50
njc,0
irh,50
lmw,0
bgb,50
fzg,50
kdq,50
gyt,50
dak,50
gmx,0
hqu,50
mda,50
fci,0
nnq,0
jlx,0
hrp,0
aq,0
edu,0
dee,50
fwv,0
kys,50
irb,0
nfk,50
bnv,0
kfc,50
lah,50
bju,50
cli,50
aav,50
epp,50
isu,0
nmu,50
kxi,50
lwy,50
idh,50
heq,50
jht,0
duy,0
efv,50
lat,50
ltl,50
gkc,0
cbe,50
nqi,0
gtp,50
jrr,0
yi,50
fgt,50
ehw,0
jjn,0
nof,50
bqm,50
gzd,0
ity,50
iia,0
hbm,50
nqr,50
eav,50
acy,50
fbj,0
hmi,0
iff,50
gtn,0
flc,0
mzw,0
enw,50
eeq,0
acl,50
nsd,50
dhe,50
ihh,0
min,50
ee,0
efw,0
ekz,0
bso,50
lrc,50
jxp,0
dyc,0
ind,50
hhl,50
esf,50
ezs,50
din,50
iav,0
cde,0
laa,50
bhc,50
ims,50
jin,50
jdk,50
zp,0
bcd,50
ach,50
lmc,50
jyv,50
dad,50
klm,50
lrg,0
kdo,0
lty,50
bhs,0
mxs,0
kxc,0
mdo,0
ibb,0
gqd,0
klk,0
mum,0
hst,50
mbg,0
aql,0
gvo,0
kny,50
abp,50
mgk,0
egd,50
hxb,0
euo,50
ghg,0
ccs,0
kiv,50
dzm,50
emv,0
ncl,0
ekd,50
iqt,50
eys,0
nhf,50
niy,0
hhv,0
cqs,0
dby,50
iml,50
cgy,0
mnb,0
eni,0
gtf,0
kft,0
jhd,50
aeh,0
bvf,50
fhk,50
cog,50
qt,50
gpp,50
ezm,0
kwm,50
heh,0
kvq,0
cwd,0
agr,50
mnk,0
mru,0
fms,50
exw,0
kno,50
hdq,50
fkg,50
erb,50
hqn,0
eln,0
aqx,0
cvg,50
fua,50
kvh,0
ifr,0
mzr,50
kyq,50
dzb,50
ifa,0
h,50
ikb,0
fxc,50
exa,0
jpp,0
lly,0
gqi,0
guk,0
ici,0
ljs,0
lnk,50
kui,50
fmj,50
tf,0
hta,0
exj,50
mxo,0
bla,50
fiz,0
adf,50
hht,0
cun,50
mlp,0
gte,50
kxx,0
hwe,0
awg,50
kvn,0
iyq,0
gvx,50
nse,0
qi,0
nnk,50
ect,0
moj,50
jqy,0
mja,50
gwf,50
cly,0
ivg,50
gcn,0
dkl,0
ewe,50
bdc,50
evw,50
gtj,0
mep,50
cmr,50
chk,50
cwj,50
bsq,0
ndk,50
foj,0
kwv,0
gax,0
ack,50
jrp,0
luc,0
bly,0
lbs,0
asv,50
epj,50
hvm,0
irj,50
bto,50
dlx,0
kle,0
kjn,0
khl,0
mun,50
hlo,50
ksa,0
bfv,50
dgj,0
amt,50
jfm,50
hog,0
njd,0
hto,50
dbt,50
jju,0
ewu,0
dgf,0
dzi,50
uh,0
mnu,50
kzn,50
cva,50
hms,50
hmz,50
dsf,0
cwv,0
ot,50
ckc,50
lha,0
eoz,0
bsi,50
gdx,0
ath,0
eiz,50
jze,0
ner,0
kmh,50
euf,0
jnu,0
ies,50
dtm,0
hsv,50
iuw,50
fgp,0
lux,50
fqj,50
buq,50
cpp,50
akp,0
jqb,50
abr,0
ddg,0
jbt,0
ckm,50
isl,0
gzm,0
nqf,50
nsm,0
jqc,50
gsv,0
buo,50
mev,50
inr,0
mef,0
btj,50
fwy,50
esp,50
hzh,0
kfm,50
izm,0
ijp,50
cnz,0
fmy,50
bma,50
fkw,0
bzi,50
egr,0
bzq,50
nle,50
ro,50
fkz,0
kzf,0
kaq,0
mpt,0
hnr,0
jwz,0
knx,0
mon,0
gyc,50
lre,50
hsa,0
gip,0
iba,0
kpj,50
inn,0
jgd,0
ixn,0
cgg,0
inj,50
cpb,50
eqx,50
feq,50
vv,0
hvk,50
fcy,0
lgt,0
jdj,0
cft,50
dnv,0
imv,50
eem,0
dcm,50
bjv,50
frq,0
ebj,50
ibx,0
mst,50
kaj,50
ggb,50
jhz,0
giv,0
chm,50
fp,0
kxg,50
jnf,0
igu,50
mae,0
ud,50
izy,0
krc,0
khw,0
bkl,50
mve,0
jnc,0
iwo,50
bva,50
nez,50
msb,50
fdc,50
bjf,50
hli,0
izn,50
fmz,0
fal,50
jcd,0
arm,0
auh,0
nap,0
bb,50
ets,50
ghp,50
ebu,50
mui,50
axd,0
czs,0
byc,50
frg,0
dzs,50
cwp,0
jsq,50
dpt,50
yo,0
iqc,50
kha,0
exh,50
cd,50
fvg,50
cze,50
mko,0
dpf,50
jrc,50
avs,0
bgi,0
fbc,50
apg,0
fbh,50
icg,50
nlg,0
kkh,0
pd,0
niq,50
gnq,50
kbu,50
asw,50
mgg,50
btf,50
dwk,50
iti,0
ije,50
iqf,0
jsc,50
grf,50
azq,50
mrh,0
bti,50
gmk,50
agh,50
hor,0
ibl,0
dyf,50
ion,0
asl,0
iuh,0
ks,50
feh,0
jzt,50
ekt,0
fva,50
dfs,0
hpm,0
ise,50
fay,50
bxr,50
ddi,0
cvu,50
htj,0
nnp,0
fqr,50
hoy,50
ksv,0
zg,0
cfe,0
nnb,0
aop,0
cdz,0
ivb,50
bth,50
ktx,50
grd,50
fai,0
enu,0
ahy,0
mjb,50
izq,0
cae,0
iqq,50
fbu,0
ksp,0
lal,0
kws,0
ncf,0
nci,50
dqd,0
lzq,50
fpd,50
ibe,0
eka,0
egw,0
mao,50
lni,50
jds,0
eoq,0
ahd,0
dnl,0
eeb,0
df,0
eje,50
dhv,50
iak,0
kiw,50
ndm,0
ied,50
dri,50
laf,0
clx,0
qe,50
cr,0
dte,0
mno,0
lsd,0
gal,50
jay,50
gpl,50
npg,50
cka,50
ndn,50
kqk,0
ewn,50
hip,50
cyh,50
aui,50
ddb,50
bik,0
nat,0
hrw,50
kdb,50
iir,50
jqm,0
lkm,0
hhy,50
ak,0
hdg,50
hll,50
hki,0
efa,0
how,0
dj,50
axg,0
ers,50
hvd,50
ghz,0
cda,50
jrq,50
ecn,0
byt,0
cyl,0
jfo,0
jso,0
fmw,50
mqe,0
chu,0
bmc,0
ddw,0
gvd,50
lkl,50
ijg,50
hwd,0
gno,0
hvh,50
ltf,0
euh,0
hub,0
mkl,0
kka,0
aph,0
arj,0
ldd,50
mct,0
hxd,50
fxx,0
sx,0
ilb,0
key,0
aqm,0
fwg,0
afw,50
idt,0
mg,0
en,50
jas,0
nd,50
gkh,50
jax,50
bed,50
s,0
qx,50
evs,50
cky,50
gxj,0
cbw,0
aut,50
btb,50
jvl,50
lgb,0
jfu,50
duc,50
iif,50
bjp,0
mp,50
njj,50
gkj,0
kdw,50
guj,50
ane,50
lne,0
mhg,0
dgw,50
jij,50
izt,0
guv,50
jwn,0
ned,50
eio,50
mlv,0
fmc,0
mco,0
ako,0
hhm,0
ikr,50
ga,0
lcn,50
czj,0
jum,0
mky,0
bbq,50
kw,50
gbe,0
ou,50
bty,0
kie,50
koj,0
nnf,50
mbt,50
dkc,50
kvr,0
bbm,0
bzs,50
hvf,50
kkq,50
kdj,0
axb,50
chx,50
jwr,50
djb,0
mfj,0
mis,50
khm,50
bvu,0
hmu,0
lkq,50
gsu,50
iri,50
bnh,50
fxl,0
byz,50
gul,50
drv,0
xl,0
fxn,0
mfb,50
miy,50
irt,50
gie,0
meq,50
iqy,0
nlc,50
hct,50
kvv,0
gkg,50
jta,50
dkh,0
cqg,0
ioo,0
ikg,0
fvv,0
hd,50
lwj,50
ehg,50
mld,0
neh,50
kej,0
ftb,0
kkr,50
azd,50
bpm,50
exz,0
aeg,0
bfl,0
ihq,0
jyb,50
cho,50
fzx,50
nmi,50
krq,0
mrp,50
lol,50
mzy,50
joa,50
nkd,0
iqv,0
mfl,50
drw,50
dtx,50
ccm,50
aiv,50
kbx,50
bqu,50
mtq,50
amr,50
aet,0
fdn,0
fzk,0
cxq,0
kkl,50
myb,50
nkr,50
ngu,0
hty,0
gxy,0
dpk,50
hmn,0
jri,50
ake,0
qp,50
mlu,0
mr,0
nsw,50
dtn,0
ajc,0
kdf,50
boc,50
bcg,50
cml,0
ecu,0
hzz,0
mwg,50
fdd,0
jzn,0
axm,0
jpg,50
auj,0
hsh,50
jae,0
dxp,0
mwa,0
myn,0
eva,0
byy,50
hgr,0
apd,50
aok,0
bok,50
ano,50
eoy,50
jbx,50
tn,0
cb,50
coq,0
bvl,0
mus,50
jmn,0
noc,50
cnq,50
fj,50
bkc,0
ji,50
gos,50
hpw,0
lor,0
flk,50
gmt,0
hui,50
bzt,0
gdf,0
epe,0
lkt,50
bgw,0
dcz,0
gii,50
kid,50
cfg,50
ckj,50
euc,50
fqx,50
hvj,50
kvx,50
ilt,50
ltt,50
lsp,0
lca,0
mqt,0
cgw,0
jsz,50
jhp,50
db,0
fdf,50
ixl,50
elj,50
awc,0
ctr,50
cmq,50
kcv,50
jiq,50
mga,50
mdf,50
amw,0
exl,0
dry,50
myh,0
eag,50
on,0
koe,50
mrs,0
kzb,50
nen,50
lo,0
czv,50
cub,0
jql,0
btm,0
ihb,50
llr,0
ece,0
ftu,0
mvr,50
ljp,50
mvd,50
eca,50
gws,50
bsd,0
nbo,50
npy,50
hdx,50
dpo,50
leu,50
cut,0
fol,0
dou,50
irv,50
lnr,50
gzf,50
jyr,0
apw,0
yg,50
ebk,0
bhw,0
eyz,50
jxt,0
fuc,0
fcd,50
azp,50
kqt,0
fmt,0
cas,0
lms,50
dgb,50
egq,50
bip,0
njo,50
eqw,0
jan,0
gur,50
lza,0
dyw,0
iiz,50
jp,50
isf,0
tg,50
jvz,0
nfg,50
wb,0
jqd,50
hlp,0
jth,50
nb,0
qz,0
vi,0
cqo,50
lgd,50
kpo,0
mzc,50
eix,0
ilz,0
zr,50
ffv,50
hzg,50
dq,0
hun,0
ntp,50
lax,50
dde,50
wp,50
awm,50
iuj,50
cmm,50
mbx,50
ltk,0
lvx,50
icq,50
bat,0
map,0
ftw,50
dct,0
mwd,0
jye,50
jlj,50
bah,50
llm,0
kyz,0
dvx,50
czk,50
lqu,50
iiw,0
mgv,0
bnb,0
jcq,0
lqn,50
drz,0
cyx,0
hdy,0
gxo,50
jgx,0
drj,50
jnl,0
ida,0
jxv,50
nbd,0
dtq,0
hwx,50
jlo,0
fev,0
up,50
jrf,0
aoq,50
jho,0
cba,0
nfl,0
epy,0
lrv,50
gqs,50
cgd,50
lzd,0
lz,0
fif,0
hzv,0
bes,0
hsy,0
sf,50
ivh,0
kd,0
dns,0
bln,0
fga,50
irz,50
rf,50
dkv,0
bk,0
fke,0
ayd,50
gvr,0
evf,0
mtf,50
fbr,50
brn,0
noy,0
fo,0
gvc,0
mxa,0
cfi,50
kla,50
jva,50
meg,50
nqz,0
ezy,0
jhq,50
duf,0
aco,0
gvz,50
jvv,50
mtb,0
gff,50
car,0
fpc,50
aqq,50
eej,0
azz,0
hiw,50
icn,50
gyr,0
muc,50
kco,0
pp,0
bai,0
hgi,0
ajp,50
aap,0
bil,0
aig,50
dlu,0
jhf,0
esd,50
cgq,50
jpx,0
nf,0
fqp,50
nfd,0
fme,50
dpx,50
meh,50
cjw,0
gmh,0
dgt,0
hqx,50
cge,0
eok,0
ldj,0
cgi,0
lar,0
aum,0
aty,50
mqj,0
jw,50
egi,0
fnr,50
cum,50
fkx,0
dmx,0
bdb,0
eqb,50
kwd,0
ioc,0
ery,50
bzn,50
aey,0
bbk,50
ffb,50
dco,0
ahv,50
aou,0
kjk,0
ede,0
fzy,0
keh,50
gaq,0
lkz,0
aei,50
ktz,50
jvb,0
ajs,0
drl,0
djq,0
kof,0
gfa,0
eon,50
qa,50
hjc,50
ngm,0
fwq,0
jke,50
mey,50
dy,50
jdz,50
aac,0
gjc,0
lnz,0
uj,0
dym,0
gau,50
mdn,0
mcl,50
eiy,0
aai,0
bxu,50
bzo,50
dev,50
jfq,50
mtu,50
hau,0
cvn,50
lxx,0
egf,50
bhu,0
ikc,0
hnx,50
gst,0
lgr,50
ajw,50
duu,50
ayw,0
iid,0
ebt,0
lzk,50
va,50
jtl,50
alu,50
guw,0
ecd,0
ddq,50
mqq,50
htr,0
kpt,0
aec,50
dql,50
dsr,50
haw,50
ldf,50
dww,50
ejv,50
cer,50
lyp,0
lry,50
kuz,50
ddh,0
lsu,50
mqy,0
doy,0
csk,50
iw,50
grp,50
ats,50
elz,0
ldv,0
iil,50
dcv,50
ndp,0
mdi,0
xc,0
ljg,0
mfn,0
jmp,0
jvf,0
eay,0
kci,0
bun,50
igk,0
fnw,50
hcb,0
mye,50
awd,0
ica,50
ctk,0
nfc,50
jsu,0
jtr,50
bcj,50
fvs,0
mss,0
mqo,0
giz,0
ksd,0
atk,50
dor,50
dgc,0
gxm,0
luq,50
njz,0
dmv,0
wt,50
avk,50
ncz,50
lfo,0
xp,0
day,0
ebf,50
gnv,50
bjs,50
mta,50
iug,0
nso,50
dfx,0
htn,50
jyu,0
lik,50
alk,50
nhk,50
cwx,50
fgb,50
dhb,50
ayj,0
czr,50
nkt,50
mcf,50
kqj,50
bka,50
jdf,0
fpj,0
hpy,0
naa,50
mqu,0
aua,0
em,50
dkb,50
ayp,0
bo,50
bhz,0
hre,0
ncx,50
ewm,50
lsy,50
fux,50
feg,50
hjr,0
kiq,50
ndz,0
iok,50
hmg,0
ddz,0
ksz,50
kkk,0
nfy,0
krb,50
iby,50
eqe,50
gch,0
mni,0
lql,0
gih,50
jjv,50
lsi,0
hqa,0
nmo,0
dkk,0
mcd,0
ieo,50
eao,0
gcf,50
igs,0
nja,50
hou,0
fpt,0
leb,0
og,0
ggz,0
gus,50
cpr,50
npw,50
azr,0
ifi,50
dzd,0
ngq,50
lpt,50
ewv,0
elg,50
llk,50
kfz,0
gv,0
khb,50
lld,0
lib,50
ra,0
ctw,50
iru,0
hoj,50
dyk,0
fkd,50
gco,0
khr,0
jms,50
cqn,50
fqg,50
ggd,0
ilm,0
dzr,50
apa,50
jgi,50
bzp,50
ddp,50
ejf,50
ft,50
afn,0
aj,50
lvr,50
fvi,0
ox,0
nnr,50
nta,50
gdj,0
awr,0
azx,0
hlg,50
bst,50
ndf,50
kgc,0
sn,0
fts,50
iu,0
ljl,0
awb,0
nnm,50
hnk,50
eux,0
flu,0
etv,0
gwi,0
anh,50
so,0
hab,0
jhh,50
fgh,0
ivl,50
eqh,50
etu,0
dnm,0
efc,0
goo,50
hlq,50
nah,0
aki,50
bjo,50
bag,50
cui,50
gqf,50
frm,0
ape,50
un,0
iqz,0
nll,0
diu,50
ekv,0
lwt,0
cdy,50
kvg,50
icf,0
ein,50
gsf,50
guz,50
nsk,50
hgj,50
bha,50
fju,50
cqe,50
dgp,50
kih,0
jmk,0
guy,0
him,50
alm,50
aho,50
coc,50
kds,50
eti,0
khh,0
ajg,0
wd,0
fky,50
da,50
ss,0
bhb,50
lgs,0
ipn,50
hth,50
kfx,50
ctn,50
fqk,50
kei,50
iwb,0
ekw,50
jip,0
lff,0
jls,50
evy,50
nl,50
isw,0
ard,50
flm,50
bef,50
buk,0
hje,50
ayf,0
fwp,50
hmx,50
fdy,0
nes,0
wv,0
jrk,50
aeo,0
ikl,50
eli,50
dce,50
kut,50
ksw,0
abj,50
xj,50
dep,50
bob,0
fxw,50
jci,50
gpd,0
nrf,50
we,50
itc,50
aso,0
cds,50
lzz,0
kuf,50
dot,50
ehj,0
mbk,50
hlw,50
nid,50
bjq,50
gon,0
exk,0
lwa,0
jui,50
hpl,0
inf,50
fsc,50
gvf,50
cim,50
cbi,50
nqs,0
heg,0
mug,0
fyl,50
hwb,0
zb,0
bxd,50
dly,0
czu,0
ibg,0
cja,50
jxr,0
lwc,0
itt,50
bui,0
jau,0
iib,0
jel,0
nel,50
nhh,50
nrz,0
nrv,50
gnx,0
luv,50
aia,50
awt,50
fhp,0
lqe,0
eqv,0
ltj,0
jxc,50
kti,0
eqz,0
e,0
gxl,0
lnf,50
hpq,0
hjp,0
cqc,0
img,0
cvo,0
ma,50
mxm,0
gah,0
lmk,50
hxx,0
ffm,0
kqe,50
nbb,0
kgu,0
fbl,50
ljj,0
lrh,50
dqf,50
ipj,0
jbg,50
acq,50
glj,50
jzc,0
fiv,50
lin,50
fzv,50
gdk,50
gay,50
cbu,0
m,50
ngx,0
ewp,0
lkj,50
brq,50
lwx,50
dxa,0
khe,0
izv,0
byb,50
cbz,0
idc,0
agj,0
lyj,50
bpo,0
jpu,50
qn,50
ewt,0
ixk,50
kss,50
gis,0
mmm,0
ing,0
eaf,0
ljn,0
dhu,0
mvp,50
u,50
icr,50
kyg,0
iih,0
gdc,0
flj,0
cdq,50
eri,0
kue,50
dbo,0
vf,50
bnw,0
ile,50
kga,0
fqe,0
fww,50
gkb,0
hni,50
fuv,0
byi,50
dis,50
mjk,0
jcl,50
dty,50
bhy,0
bge,50
jgn,0
imn,0
ljk,50
nlr,50
lvs,50
mnd,0
nde,50
hgu,50
sj,0
fgd,0
lgf,0
cpy,50
jil,0
xr,50
geo,50
dnd,0
fse,50
jjt,50
mrr,50
giy,0
ncw,50
mgh,0
dma,50
exb,0
ctl,50
efz,0
cye,0
ayk,50
bvz,50
fje,0
hva,50
kby,0
dtt,0
hph,0
br,0
ghl,50
eno,0
fxy,50
axr,50
cxn,0
kpy,50
mkz,0
fbb,50
aqe,50
lto,50
afc,0
efx,50
nnv,0
jee,50
fnj,0
hlt,0
fsj,50
nrx,50
itl,50
got,50
kmi,50
gou,0
gsd,0
hgc,50
mrm,50
nbx,0
fsh,50
bhe,50
arl,50
fid,50
ktl,0
ezh,0
iex,50
hil,50
cwb,50
lrn,50
xf,50
bza,50
eua,0
hbe,50
idg,50
csc,0
czw,50
dih,50
lxz,50
ikm,50
gnd,0
ces,50
rk,0
eih,0
bap,50
dcr,0
djs,0
ayo,0
dkq,0
gml,0
jzx,50
fof,50
igh,50
hbp,50
cmu,50
hwc,0
kr,50
eap,50
hqp,0
bmg,50
not,50
mbv,0
aie,0
gde,0
huy,0
hpn,0
npk,0
ftr,0
isn,50
jya,0
kpa,50
cpx,50
ipd,50
lgh,0
kt,0
aww,0
jtm,50
ngn,0
huq,0
jha,0
hjn,50
etg,50
mbz,50
mea,50
jii,50
chc,50
nqc,0
hei,0
iev,0
fso,0
ggp,50
lf,50
kcp,50
lev,50
mzs,50
mro,50
nst,50
cy,0
jxf,0
hul,0
jvm,0
bhg,50
ipu,0
hvo,0
iel,50
gkp,50
lis,50
dr,50
dnr,0
exq,0
gea,50
gkt,50
krm,50
fyw,50
eig,0
itx,0
lfj,0
kxe,50
jzd,50
ito,50
akg,0
atm,50
fly,50
bih,50
gbm,50
ntg,50
ijb,50
ebm,50
erl,0
nmp,0
cdt,50
dlz,50
iuf,50
jkt,50
fki,0
emp,50
ezf,50
jje,0
oq,50
joz,0
ees,50
oc,0
lfi,50
kxf,0
adu,0
is,50
kqg,50
miw,0
drs,50
lcz,0
dfa,0
mll,0
lnq,50
mnh,0
ub,0
agp,0
msa,0
ijs,50
cwg,50
ffx,50
iqp,50
iaf,50
hon,50
aol,0
mmv,50
avd,50
iwe,50
jzo,50
ist,0
kbd,0
hp,50
ccz,50
mex,0
gwz,50
dgu,0
dhh,0
lvk,0
kna,0
cga,50
lom,0
ifu,0
fjz,50
mwk,0
drb,50
gm,0
vs,50
bet,50
npc,50
gsi,50
hhj,50
agi,0
efk,50
fjn,50
cnn,50
ijn,0
byk,0
nsu,50
asz,50
dhf,50
hgd,50
ekg,0
nnn,0
gy,50
irp,50
jvj,50
mfi,0
fgz,50
dwi,50
kfu,0
aji,50
kv,0
gnj,50
btq,50
hhs,0
ffr,50
kbr,0
crb,0
ccd,0
dju,0
lmr,0
hnl,0
maq,50
jrd,50
bxo,0
ciy,0
nma,0
ala,50
dnj,50
clz,50
fhs,50
aam,0
jzk,0
cgv,0
jub,50
gcz,0
ekx,50
biv,50
npt,0
nrq,0
ame,50
imc,0
dyt,0
njq,0
bfj,50
enc,50
ifq,50
dyr,50
jbk,0
jhc,50
mrk,50
ja,0
iwt,50
bzu,0
kks,50
fs,50
jtx,50
ecv,50
gsp,50
crh,0
dsy,50
mzb,50
gwl,0
grj,50
bzy,50
bda,50
als,50
kgs,0
kcw,0
jn,50
mmd,0
nku,50
abi,50
lkp,0
hyq,50
fmo,0
hqo,50
jsr,0
iwu,50
ctu,50
fwa,50
gtq,50
lrq,0
ldi,0
eyx,0
bot,50
lix,0
afb,0
lv,0
jnb,0
emz,50
jzi,50
ih,50
guf,0
kfy,0
mhv,50
hmv,0
gfi,0
cqt,0
lrw,50
wf,50
fbd,50
gvv,50
jev,0
fnc,0
iqr,0
lps,0
vr,50
jsk,50
ndv,50
kkm,0
ncr,50
btx,0
hsj,0
jy,0
gho,50
glp,50
aor,50
iyh,50
ebl,50
izu,0
xs,0
awl,0
lpm,50
may,50
don,0
anp,0
fft,0
hfe,0
gfu,0
idz,50
agu,0
gir,50
azm,0
jkk,50
mbw,0
bqr,50
fjb,50
gil,50
mlz,50
had,50
kne,50
anf,0
dpc,50
eia,0
iaj,50
gwk,0
aik,50
bhm,50
dol,0
kmf,0
nmb,0
bbe,0
nsn,0
iei,0
oy,50
npj,0
hyy,0
aaw,0
avp,50
kwb,50
etd,0
dko,0
mlq,50
efj,50
ezp,50
hyk,0
jdg,0
exc,0
ig,0
hyl,50
nrc,50
dbe,0
hbu,50
gjd,50
kvp,0
dcq,50
hye,50
dzh,0
bav,50
kim,50
inh,0
kzx,50
mur,0
lod,50
gto,50
yr,50
cfo,50
lfs,50
bnn,50
gni,50
dkf,0
lvy,50
fra,50
kcz,0
cis,0
bzr,50
lfg,0
ewl,50
hka,0
lfb,0
alr,50
ay,0
cca,0
ldg,0
ug,0
ddj,50
gka,0
kdh,0
jga,50
gjo,50
hum,50
cgt,0
jhx,0
jnt,0
dxg,50
aza,0
cny,0
heb,0
iox,0
ws,50
nfr,0
neg,0
hge,0
nrd,0
exi,0
emf,0
mnr,0
dej,50
asi,0
llb,50
mig,0
ksg,50
keg,50
jhy,50
fpu,0
ckb,0
eoi,50
jbe,0
khc,0
ieq,50
fvk,0
hnm,50
faj,50
dvs,0
jef,0
eyy,50
atb,0
nfx,50
dqj,50
jpe,50
fur,0
abg,0
eii,0
mpp,50
afs,50
bds,50
hri,0
miq,50
ehu,0
kdv,50
mwo,50
kwf,0
dm,0
dxb,0
fan,0
add,50
fsw,0
gzq,50
aen,0
gkf,0
hxo,50
dfi,0
fx,0
sc,0
keo,0
bw,50
iyp,0
hdc,0
lch,0
esv,0
lby,0
age,0
hae,0
iko,0
esm,50
fjm,50
chz,0
ix,50
bif,0
iln,50
dmc,50
nbw,0
aje,50
bdd,50
kcn,50
jli,50
nan,0
nmm,50
evl,50
iha,0
fvy,0
abk,0
igy,0
lfx,0
hja,50
cgp,0
mbq,50
hzo,0
fpq,50
awx,50
bcc,50
kvl,50
kyr,50
cel,50
dfw,0
anj,0
bjk,50
jue,0
ckp,50
ejy,50
mft,0
nld,0
cnc,50
klw,50
mpz,0
dli,0
byu,50
bnj,0
kwz,0
fuh,50
jjs,50
aek,50
exf,0
efp,50
jpa,0
lwr,50
kqs,0
bli,50
lxg,50
kfn,0
frh,0
ilw,50
ioz,50
ds,50
neq,50
mgt,0
hcs,0
hyh,50
gq,50
cnx,0
zl,50
fgg,50
kgk,50
gyp,50
mbu,0
kyu,50
har,0
grn,50
bou,50
irs,50
efh,0
cad,50
bxy,0
gze,0
hha,0
bi,50
fou,50
bxv,50
lgq,0
nn,50
mhy,0
lnv,50
nsy,0
crp,0
dsa,50
fdw,50
mjl,50
mzg,50
mip,0
cud,50
abc,50
jyo,0
jxb,0
ncm,0
eie,0
eik,0
wc,0
mnv,0
any,0
ead,50
zx,50
aiz,0
att,0
jrs,50
nca,50
mdw,50
bft,0
mew,50
ljz,0
hur,0
bqt,0
fak,50
een,50
ndt,0
zt,0
nce,0
itf,50
esi,0
hej,50
mhx,50
jwc,50
fro,0
igr,0
dcs,50
jbz,50
gyw,50
hai,0
aqk,50
ke,50
kbn,50
ioq,50
hyz,0
rt,0
enn,0
ahg,0
kvd,50
fym,50
hfc,0
lyv,0
hlc,0
lic,0
evv,0
kec,0
bel,50
ixs,0
gsq,0
hve,50
iuu,50
hrm,0
cwt,0
kuw,50
mdu,50
naq,0
cfb,0
iss,0
kxt,0
cdj,50
jhg,50
mdy,50
jjh,50
fxi,50
dky,0
jcu,50
hdo,50
fjj,50
han,50
eor,0
afl,50
bko,0
gmj,50
kpk,0
afj,50
lwp,0
mgn,0
fbs,50
fuw,0
fcu,0
elm,50
izl,50
hvb,0
erj,0
bqy,50
jce,0
mpu,50
hpj,0
hqy,0
jov,0
mbp,0
jtc,50
lup,50
jty,0
fru,50
mq,0
jnp,0
lun,50
dok,0
cgs,50
alq,0
gxx,50
ems,50
avo,50
lvt,0
hex,50
haj,0
gwg,0
jkb,50
cvd,50
cgm,50
hrq,50
ihe,50
coy,50
caq,0
eut,50
kgb,50
des,50
mvw,0
lli,50
bxq,50
mxv,50
hcr,50
cij,50
flz,50
hfk,50
ho,50
fdi,0
ek,0
bay,0
csb,0
ac,0
dk,50
mca,0
duq,0
bzd,50
nog,50
msy,50
met,50
epm,50
kcm,50
muu,50
gim,0
nsb,0
mpq,0
fqc,0
bss,0
jjd,0
ejz,0
hcu,0
iy,50
iip,50
dum,50
muf,0
kq,50
gdr,0
dbg,0
cpf,0
jfj,50
ntc,0
jag,50
eyj,0
mxh,0
jzm,50
kck,50
jnj,50
gjp,50
gvn,0
fk,0
eby,0
iom,50
gdb,0
jat,50
ivi,50
gqg,50
nqg,0
ccx,0
fl,50
lyd,0
gan,50
jhr,0
esx,50
jjy,0
bdl,0
eub,0
cdh,50
nmh,0
jpb,50
yt,50
nhj,50
mam,0
bbj,0
lzm,0
kpm,0
gs,50
bpg,50
ehf,50
hcn,50
nby,50
irw,50
yp,0
le,0
jpk,50
eyq,0
bkj,0
cnw,50
dqn,50
jz,0
npo,50
bud,0
adz,0
gli,0
kx,50
hrn,50
kyv,50
bua,0
gva,50
atc,50
aim,0
kvm,0
nq,50
li,0
lhi,0
mjm,50
fpw,50
et,50
gpu,0
dop,0
joj,0
rr,0
bdw,0
dbi,0
biu,0
zm,50
dtg,50
agk,0
dyg,0
fvl,0
lrk,0
hru,0
nsi,0
jst,50
krr,50
bmb,50
nkj,50
lcj,50
aqt,50
aro,50
kgp,50
enk,0
eod,0
zc,0
bub,50
hcg,0
abb,0
mar,0
bbn,50
jkw,50
nv,0
alp,50
kia,0
fwl,50
ded,50
mfh,50
jsn,0
pc,50
cfl,0
ffu,50
nqa,0
esw,50
hsr,0
eqk,0
cjk,50
kyd,50
dtl,50
isg,50
cwq,0
asu,50
fex,50
jcw,0
maa,0
v,50
igf,50
fbo,50
jud,0
evx,0
bhh,0
mfv,50
ayq,50
ljf,50
axu,0
gsz,50
moq,50
cnv,50
kab,0
fzw,50
avb,50
bsu,0
nir,0
sb,50
kzd,50
kfd,0
lpb,50
duk,50
mvk,0
ltp,0
iea,50
fqd,0
det,0
hju,50
fgq,50
kru,0
lvn,0
crt,0
lnl,50
fkk,0
eec,50
ivz,50
gmi,0
nei,0
cxe,50
baz,0
jbr,50
fyv,50
gxi,50
kgn,50
ffg,50
fei,50
euy,50
elo,50
hqh,50
mai,0
jfn,50
kz,50
ixw,50
imu,0
cs,0
aeb,50
axj,50
me,0
eoj,0
de,50
dmf,50
ihl,50
ibt,50
hcf,50
fvf,50
evq,0
ngk,0
hij,0
deq,0
dsh,50
mol,50
kyh,50
fzr,50
mei,0
ncp,50
jbm,0
lse,50
jgf,0
kou,50
mv,0
knl,0
kym,50
gdo,0
jog,0
mpa,50
lcp,50
ier,50
kvb,0
egs,50
axl,50
blx,0
aiu,50
jjx,50
lxl,0
cwl,50
wx,0
nek,0
bnr,0
lys,50
joi,50
gef,50
bys,0
nai,50
nha,50
auq,50
ijx,50
jeh,50
tv,50
gla,50
abt,0
ear,50
aqv,0
kjq,0
aks,0
aep,0
ate,50
hnj,0
mcr,50
fpr,0
cri,0
eob,50
fma,50
eqc,50
fhh,0
jeb,0
bmk,0
nqp,0
lyx,50
ncn,50
ewc,50
hfv,0
agn,0
hsc,50
mqm,0
lit,50
lns,50
lyn,50
dap,50
aex,0
kod,50
gfq,50
flb,50
epq,50
fsg,0
bye,50
auz,0
gry,50
mbm,50
bdz,50
lvc,0
ksm,50
jzw,50
gpz,50
jzj,50
mhl,50
ekc,0
jgt,50
gxd,0
ahn,0
mzd,0
lhk,50
lmf,0
fzq,0
lu,0
lzr,0
clp,50
myr,50
kuc,0
arg,0
kyj,0
dyp,50
kjg,0
td,0
auv,0
mlc,0
ri,50
dmi,50
jdu,50
mwx,50
hrf,50
fbv,0
lyt,50
npf,0
ghr,0
gep,0
gls,0
cdu,0
ieh,50
dyl,0
chi,0
cdr,0
mjv,50
dya,50
hzl,0
dfl,0
ghy,0
eyc,50
kum,0
api,0
abz,50
kwj,0
ex,50
goa,0
gkk,0
mel,0
lzh,50
chv,50
bpq,50
irn,0
itr,0
ids,50
rl,50
lmd,50
gne,0
fqm,0
hmy,50
oh,0
mjs,0
nfi,50
gxr,0
ltu,50
dil,0
nhn,0
apj,50
dah,0
bia,0
cuz,50
sh,0
evj,0
bqh,0
kah,50
ftf,50
lfw,0
isx,50
bol,50
mbh,0
akk,0
vg,0
eas,0
cvx,50
ahc,0
jhu,50
isr,50
jqh,50
kps,0
mh,0
luk,50
cuv,50
gwn,50
hsf,50
mm,50
ihf,50
kta,50
aaa,50
ekp,50
lqv,50
bcm,0
ayv,50
ebr,50
ggq,50
cll,0
hhz,0
klg,0
ftx,50
kkt,0
daf,0
idp,50
bbx,0
ngv,0
lmt,50
knh,0
fna,0
ini,0
hbc,0
bwa,0
ebn,0
hxl,0
mal,50
asd,50
ntm,50
giw,0
czm,50
cvt,0
fkv,50
mgi,0
acx,50
hke,0
emj,0
elh,50
cre,0
hkv,0
hr,50
mdv,0
nqu,0
jtd,0
chw,0
jmf,0
lsb,50
hqt,50
iro,50
fcs,50
nft,50
jup,0
lij,50
imm,50
aqz,0
fsm,0
itk,50
epc,50
cvs,0
iqs,0
mth,0
jez,50
nin,0
kzz,50
ajo,50
mgu,50
frd,0
msn,0
dmq,50
mqn,0
eou,50
hfl,0
wg,50
bpa,50
dch,0
fll,0
izc,0
avy,50
zw,50
njl,50
lsf,50
iwl,0
aoh,50
kkx,50
lpv,50
jqs,50
mir,50
isy,0
mfd,50
gua,0
bfz,50
hjt,50
efg,50
jnz,0
ayr,50
ndx,50
gpt,50
bvb,50
gpb,50
dau,50
glb,0
jey,50
dx,50
lct,0
iic,0
agl,0
huo,50
etl,0
cyw,50
nbc,0
lwi,0
jqg,50
npm,0
dfg,50
dcx,50
bpd,0
ewk,0
kqy,50
eki,0
dij,0
eve,0
ccp,0
djv,50
gas,0
cdx,50
gzp,0
djc,0
ihc,0
nae,50
jnw,50
dxc,50
jch,0
jdx,0
iuy,50
lbw,50
fjd,0
fvb,50
ifn,0
dik,50
czy,50
ve,0
dss,50
jtz,0
mat,50
vz,50
foh,0
fny,0
lxv,0
kmw,0
bgz,0
gwe,0
fml,0
ikv,50
hnv,50
lbp,50
csa,50
cyc,50
bqj,50
axe,50
ajk,0
dhw,0
byx,50
bpk,0
kfe,0
cmi,0
gvh,50
lth,0
mka,0
dpr,0
q,50
cna,50
emy,50
jly,50
gao,0
ahl,0
dbs,0
juv,50
myf,0
jaj,50
fjk,50
dxo,50
eeo,50
jfv,0
gdt,50
mob,0
col,50
joh,0
fkj,0
fis,50
npa,0
sg,0
ihs,50
jbs,0
dyo,50
ikh,0
fem,50
nr,0
qr,0
cxi,0
yk,0
ast,0
fvc,50
epd,50
cti,50
mqr,0
bvg,0
fzp,50
wh,0
hmw,0
fds,0
hga,50
gnk,0
fyi,0
imj,0
lxo,50
cnf,0
ino,50
gin,50
ejt,0
ll,50
lcd,50
hfg,50
nob,50
dn,0
lmi,0
mtm,50
kms,0
uz,0
jyf,50
ifj,0
jdh,50
cef,50
gng,0
hyt,0
jww,50
kzo,0
dbu,0
mrw,50
ezn,50
gxh,50
icy,0
dhg,0
bz,50
ekm,50
mke,0
axn,0
aqp,0
amh,0
jx,0
gif,50
hok,0
hcv,50
grz,50
bxi,50
gkl,0
cro,0
bwh,0
mnn,50
gfv,50
iub,0
egv,0
ghc,0
bvv,50
hgn,50
hlz,0
gpo,50
iur,0
avi,50
jqk,0
ru,50
gnc,0
jm,0
mvc,50
fob,0
biq,50
anc,50
msr,50
iso,50
epa,50
klh,0
byo,0
dwz,50
lfm,50
buz,50
mra,0
jjq,50
kpi,50
lvh,50
jhm,0
cki,50
gej,0
mdb,50
jcz,50
nqo,0
hya,50
ajl,50
nnh,0
nqq,0
dvt,50
ami,0
dcj,50
mxp,0
cmt,0
arz,0
kpn,0
jfg,0
mcc,0
jmd,50
ifv,0
jvd,0
mwf,0
aan,0
bzc,50
hsg,0
bwo,50
csl,50
mte,50
fwt,0
dso,50
mgf,50
fda,50
kp,0
egp,50
lop,50
ckv,0
axa,50
beq,0
dxl,0
gyd,0
amg,50
erg,0
mcj,50
eiq,50
dvg,50
hcx,0
bey,0
hwj,50
ber,50
hmq,0
tq,0
ckd,50
mvf,50
dip,0
nol,50
dts,0
kbo,50
jcb,0
gti,0
kex,50
dro,50
bhq,50
in,50
kqn,0
lul,0
gre,50
juy,50
fxt,0
lcm,50
gmr,50
jph,50
ccq,0
hbk,50
mih,50
noj,50
ldo,50
mes,50
dqp,0
kfb,50
ask,50
fck,50
cxb,0
ary,0
mmi,0
biw,0
hn,50
dlv,50
nib,0
bqq,50
avj,0
bnf,0
fdx,50
hkm,50
ale,50
kqi,50
mit,50
ijt,0
atx,50
idf,50
lyu,50
kra,50
ctm,0
keb,50
gzi,0
jji,50
gja,0
idd,0
fyb,50
gdp,0
gph,50
bfy,0
lhd,0
bsx,0
lut,0
kbj,0
bac,0
dru,50
mgz,50
gmw,50
das,50
aqd,50
caa,0
hnb,50
dvl,0
edi,50
fbe,50
nfh,0
jzh,50
cra,0
ffh,0
lmm,0
ibk,50
fte,50
jof,0
ifo,0
juh,0
iiu,50
evk,0
idy,0
cfj,50
lud,50
huv,50
fyj,50
icc,50
ckl,50
ngy,0
mkd,50
ext,0
hcl,50
kja,0
iwf,0
bsy,0
fry,50
jwe,50
bta,50
lur,0
cbg,0
dv,0
aow,50
kqc,0
div,0
ltb,50
kpp,0
haq,50
vm,50
ldt,0
lcq,0
nmz,0
iep,50
aic,50
dsx,50
dsk,50
ayt,50
awf,0
apb,50
nkn,50
kkj,50
gbl,50
nlu,50
dxy,0
kgd,0
hig,50
jqj,0
dib,50
fdq,0
imq,0
itq,0
dci,50
azk,0
gji,50
fce,0
mzu,50
knz,50
fvt,50
bv,0
ezq,0
auu,0
fln,0
gee,50
eqa,0
bmz,0
kaa,0
dax,50
dzz,0
eqn,0
cwi,0
mej,0
jmi,50
cth,50
azj,0
mjt,0
dgk,0
bqw,0
igd,50
kij,50
jto,0
byg,0
naw,50
nhm,0
ezx,0
er,0
om,50
eru,0
idn,50
gck,50
avg,0
gct,0
cxz,50
mor,0
lnp,50
gbj,0
exy,0
myz,50
asx,50
mkp,50
ejj,50
eyo,0
krp,50
lk,0
dft,0
kmm,50
vc,50
mfx,0
lhz,0
lei,50
dyj,0
gav,0
igg,0
dpb,0
drm,0
mwr,50
ejm,0
izp,0
emh,0
exm,0
hle,50
cie,50
jiu,50
mzi,50
gyg,0
knf,0
nka,50
ecq,0
fyy,50
dz,0
lpl,0
mkv,50
ltm,0
esr,50
jgr,50
lrz,0
huh,50
kmo,0
mz,0
mnp,50
mds,50
erw,50
dwg,0
maf,50
kok,50
gcj,50
bzl,0
if,50
dxt,50
lws,0
kvj,0
fmu,50
bei,0
hqb,0
jkz,0
flg,0
gvk,50
non,0
mla,50
nos,0
as,0
lds,50
jrt,50
gtd,50
myw,50
kvy,0
eof,0
lmo,50
hpb,0
k,50
jjg,0
cwe,0
aoc,50
mpv,0
guq,0
fjx,0
dsd,50
klr,0
hfj,50
blq,50
ln,0
lxw,0
cle,0
mzj,0
dgn,0
apu,50
grt,0
eke,0
xx,0
kpz,50
hgx,0
axp,0
fvo,0
mvu,0
gmq,0
clf,0
gcs,0
lzw,50
aes,0
fmv,50
bte,0
lok,0
ktg,0
eg,50
kvf,0
esn,50
klp,50
efn,0
cfs,50
lum,0
xm,50
mxw,0
fog,0
jnr,0
nsv,0
bdq,50
mpi,0
mos,0
zf,50
agd,50
jiw,0
gkr,0
ady,0
fgy,50
jpn,50
ww,0
ggj,0
mpe,50
blu,0
hox,50
eef,50
kqf,50
bxz,50
atd,0
hoq,0
hft,0
cnp,0
ljm,50
lpf,0
ass,0
brw,50
ens,50
fih,50
bdx,0
hhb,0
kgr,50
eiu,50
dhy,50
moe,0
hls,0
mkj,0
loj,0
aqj,0
nju,50
kbk,0
ic,0
dlj,0
axv,0
cag,0
flw,0
jvs,0
bry,50
cnt,50
d,0
kwg,50
cvw,0
ejh,0
mtr,0
hqg,0
dbm,50
jtv,50
gud,0
dzk,0
efq,0
hld,0
hvc,0
jcv,0
kdx,50
lgn,50
lpq,50
azn,50
btr,50
jbi,0
eed,0
bj,50
fgs,50
akm,0
gmn,50
dmk,50
bsz,0
aqa,50
ehr,0
dnz,50
hfw,0
mag,0
hob,50
cen,50
lus,0
mvj,0
fer,50
cyb,50
mgd,0
jew,0
ayg,0
or,50
jng,50
cev,0
hpo,50
hsx,50
jni,50
kcb,50
ldb,0
gpr,0
cuc,50
ema,0
bcf,0
cuq,0
giu,0
ero,50
fwr,0
jop,0
luw,50
bja,50
lvm,0
inv,0
fjw,50
mjx,0
cgk,50
lbc,0
dwc,0
hhn,50
cmv,50
aot,0
lbt,0
dqk,0
hkz,0
lim,0
bxx,0
bxt,0
ctg,0
cwu,0
jdr,0
nbz,50
eld,50
haz,0
neo,0
evh,0
hrh,50
gwm,0
iww,50
dsq,0
myy,50
mch,0
dec,0
mxf,0
bld,50
ize,0
khk,50
cx,0
epk,50
kkf,0
lfz,0
abq,0
mzq,50
kjh,50
cin,50
mkt,50
eaa,50
lzv,50
exo,0
beo,50
eop,50
hkq,0
naj,50
ckn,0
luu,0
fab,0
lxr,0
bvw,0
flt,50
cbt,50
kto,50
ahe,0
gya,0
niw,50
dzn,0
jsd,50
nlk,50
jvt,0
ixf,0
moa,50
fus,0
gut,0
mxy,0
cco,50
dqi,0
ei,0
bnl,0
lpe,0
icb,0
hpg,50
po,50
jpf,0
ibv,50
nri,50
cuj,0
ajn,50
kxz,0
cfq,0
dyz,50
iym,50
gbn,50
ccw,0
nom,50
ign,50
ngb,0
iup,0
iiv,50
lmu,0
dpn,0
cst,50
ftz,50
tk,0
lgm,0
lny,50
bkm,0
izj,50
dxz,0
cay,0
eta,0
giq,0
bep,50
cwy,0
nck,50
hkd,50
lvl,50
bmx,0
kem,50
hdf,50
lkb,50
lpi,0
nfo,50
mje,50
cns,50
kgh,50
ioy,0
hqz,50
bwy,50
gms,0
nsq,50
bfa,50
dgi,50
foa,0
cht,50
mwl,50
zk,0
fyk,0
kol,0
iij,0
kth,0
fzn,0
atr,0
dvd,50
jbq,50
ksk,0
ggs,0
hzy,50
fht,0
gic,0
cmp,50
iyd,50
kur,0
cjv,0
cqf,0
ceu,50
ftk,0
av,0
fao,50
jim,50
gny,50
lih,50
bex,0
frf,0
lfr,50
jgz,0
bsb,0
fpa,50
csv,0
mxl,50
fni,50
htb,50
imz,0
jja,50
gfe,0
mzt,50
mbl,50
fuo,0
lee,50
hus,0
nch,50
mkf,50
mxc,0
bwi,50
aoi,50
bdg,0
jl,50
bfp,50
afu,50
fkm,0
iki,0
kzp,0
iac,0
apf,50
ewy,0
ena,0
aay,50
ctx,0
mee,0
lgc,0
nk,50
lsa,50
ife,0
inu,50
dhc,50
bpp,50
icv,0
ezk,50
ljy,50
hg,50
kcc,0
kfi,0
cip,0
fe,50
aal,50
erh,50
bnp,50
muo,50
bql,50
dlp,0
ley,0
hii,0
cgo,0
cwf,0
asn,50
kdm,0
glg,0
lau,0
epv,50
rz,50
cbn,50
keu,0
kva,50
foi,0
cua,0
dcb,0
hfr,0
dkz,0
fhf,50
gyk,0
lhu,0
ecm,50
gqb,0
aqu,50
iwr,50
htf,50
ngs,50
fjq,0
ktk,0
bhn,0
nrg,50
kcf,50
dut,50
af,0
gqc,0
gsg,50
hgk,0
jie,0
kwy,0
lcy,50
hbn,0
dod,0
bic,0
dbx,0
dkd,0
kwq,50
jtf,0
czx,0
fec,50
dvr,50
ctb,50
meb,50
jsy,0
dam,50
byq,50
lmj,0
dsm,50
kow,0
bem,50
ezt,0
mer,50
kee,0
efs,50
glv,50
anr,50
lqo,50
kzl,50
hoe,50
bdi,50
bcq,0
fne,0
aax,0
dhq,50
ow,0
mrl,0
mic,0
wz,0
pu,50
fku,50
mfw,0
lyc,0
cgh,50
drc,50
ngc,0
oj,0
mqw,50
lrd,0
bux,0
jrm,0
ldp,0
heo,0
dex,0
nsf,0
mdm,0
dwf,50
bej,50
krz,50
cqi,50
wm,0
exg,0
kgg,0
hen,0
eb,50
hym,50
hzx,0
kst,0
edn,50
gp,50
zv,50
npx,50
jse,0
blh,0
gsn,50
bqa,50
dua,0
drf,0
jfr,50
lvp,0
cxv,0
mlt,50
hch,0
ce,50
grb,0
aid,0
hzu,50
ikq,0
kjl,50
fff,50
kdz,50
eew,50
dlk,0
hwr,0
ksl,50
ler,0
hpf,0
lqz,0
eoe,0
lbq,0
hu,50
lts,0
jmw,50
jkd,0
jgq,50
abf,0
azo,0
cpj,0
kwo,50
fue,50
agg,50
eto,0
loz,0
np,0
fkc,0
ldh,0
awk,0
ado,0
bve,0
gb,50
arw,50
us,50
abm,0
jmc,0
ere,0
jxo,0
bwb,0
iut,0
lgk,50
ddf,0
ink,0
lwl,50
edo,0
dwh,50
hpp,0
mys,0
fsu,0
akt,50
asq,50
cbv,0
ezo,0
ipa,0
nhi,50
lya,0
bfu,0
fos,50
jpj,0
eks,50
czn,0
nqd,0
gvg,0
mps,0
gse,50
fdr,0
bsw,50
fqi,50
nrk,50
ls,50
hez,0
cpi,0
dsi,50
lzo,50
fqb,0
axs,50
jbu,50
ija,50
ift,0
bgr,50
du,50
mwq,0
mxb,0
cyz,50
fch,0
hyu,50
hqw,50
hzj,0
ne,50
hua,0
oe,50
ioa,50
dbb,0
hme,50
vp,0
moo,50
arv,0
aud,50
mul,50
qb,0
bzz,0
kzh,50
amy,0
duo,0
nko,50
nms,0
foz,50
fgn,50
bcv,0
fqt,0
dba,50
mc,50
hew,0
icp,50
kax,50
lxk,0
ila,0
lwm,0
cma,50
ghs,0
kyp,50
iii,0
kbb,0
goy,50
dwo,50
hjl,0
hzi,0
jai,0
nil,50
hrj,50
at,50
bmj,0
ckg,0
dtw,0
gzj,50
kjp,0
gzl,0
cgc,0
dlt,50
nky,0
aqw,0
hqj,50
jxi,0
eez,50
bfs,0
ndq,50
gai,50
edr,50
aqo,50
jok,0
amq,0
aog,50
imx,0
jsj,0
crg,50
lh,0
dgl,50
fen,50
cjc,50
aeu,0
iem,50
ipz,0
cax,50
kkb,0
daa,0
mlo,50
jtk,0
ghi,50
gkz,0
dys,50
exs,0
ey,50
bgk,50
bg,0
nkl,50
ikk,50
grx,0
hal,0
dra,50
vh,0
ijm,0
dge,50
ecx,0
lez,50
hnf,50
bak,50
dqc,50
dfc,50
jjw,50
cqw,50
fvr,50
deb,0
hxf,50
vy,50
irx,0
fha,50
hny,50
dvi,0
kmv,50
dvj,50
gjh,0
erq,50
mgc,50
apr,0
hdb,50
irl,0
hbt,0
hyc,0
fnz,0
azf,0
bke,50
fkp,50
amo,0
fuq,0
juu,0
hoc,50
gx,50
hnt,50
jko,0
aip,50
bts,0
ghw,50
bpw,50
der,50
avx,0
dkj,0
nhc,50
kib,0
jdi,50
icd,50
fio,50
gwd,0
atp,50
iqk,0
ksx,50
itb,50
axy,0
ngo,0
mjj,0
mdg,0
lnu,50
lvb,50
ihz,0
mce,50
hdp,0
jsh,50
lhg,0
ett,50
exu,0
bxm,0
fzd,0
ehs,0
hep,0
edp,0
acg,0
ctq,0
cfm,0
nli,50
jlg,0
ceq,0
fvh,0
wi,50
kan,0
iul,0
mcz,0
mdh,0
iot,50
ewq,0
kau,0
jqx,0
gxk,50
gtl,0
fd,0
krx,50
xa,0
jgk,50
jbp,50
kis,50
fbp,50
kbs,0
cgn,0
pl,50
frt,0
ldy,0
brj,0
lhj,0
lgu,0
ux,50
kon,50
mwj,0
kug,50
kus,0
kwc,0
dpw,0
kxd,50
evb,50
nov,0
hxg,0
nfm,50
jkg,0
hmr,0
dwu,0
hrz,50
ffo,0
gvy,0
ike,0
fqn,0
lfn,0
mjf,0
ben,0
kiy,50
lze,50
pe,50
cxd,50
jws,0
iuc,50
kyy,0
jlq,50
ich,0
kfh,50
fho,50
atj,50
bsh,50
nrb,0
crm,0
iow,50
cgb,0
bqf,0
xi,50
ges,50
dw,50
hgv,50
ys,0
hv,0
iov,50
byn,0
jxg,0
djn,0
ffj,50
dnn,0
jem,0
dpd,0
lon,0
kfq,50
koz,0
nok,0
has,50
loa,0
klt,0
bsr,50
bgs,0
ieu,0
gc,0
cor,0
edc,50
rw,0
foc,0
edk,50
lpp,50
her,0
mlh,0
tl,0
fix,50
ejg,50
iyx,50
fxg,50
bgd,0
dem,50
daq,50
kea,50
eyv,50
lzj,50
jal,0
cwm,50
glw,0
gwr,50
jda,0
lnc,0
bqo,50
jlu,50
lcs,0
hif,0
aub,50
dkp,0
hat,50
aof,0
chj,50
htc,50
leq,50
mcm,0
nmg,50
foo,50
ehh,50
wk,50
fnv,0
aaz,0
dgv,50
bzh,0
hkn,0
bxc,50
bum,0
mto,50
lqd,50
fgo,0
fii,50
lcx,0
csq,50
ikt,0
joe,50
bpt,0
ifd,0
kat,50
mgq,0
hcm,0
ijo,0
mzp,0
rv,0
dhl,0
lqt,50
he,50
cvh,0
ecw,0
hdv,50
hgs,50
crz,50
kjd,0
lhb,50
mwe,50
lhy,0
iit,50
bwl,0
cwn,50
jsm,0
fau,0
cab,0
kya,50
cxh,0
bqx,0
ipl,0
tx,0
fbt,0
bws,50
gdm,0
brm,0
qq,50
mqd,50
kdy,0
bau,50
lhe,50
gnu,0
ejp,0
bjz,0
iji,50
lzc,50
ktu,50
afz,50
cpt,50
jqw,50
ljr,0
eye,0
ela,0
awh,0
amf,50
fde,50
cot,50
abs,0
afm,50
jsl,0
ivj,50
kif,0
cqm,0
jsp,50
mjr,50
qv,0
goj,0
epf,0
azc,0
bpn,50
kqu,50
kf,50
mgr,0
ahb,0
hbj,0
gbf,50
gjv,50
mjz,50
kje,0
cih,50
gfd,0
lrb,0
jvy,0
glf,50
ans,0
hcq,0
gtw,0
biz,50
dae,50
hyj,50
fb,50
mgj,50
mjd,50
mma,0
grk,50
eib,50
vn,0
hwf,0
gom,0
ghq,50
jul,50
gpq,0
duw,50
ctd,0
cox,0
ncd,0
loi,0
afa,0
fdo,50
faw,0
kyo,50
rx,50
acu,0
fez,50
bab,50
djd,50
hmk,50
gcm,50
bbi,50
med,50
art,0
cym,50
ibr,50
jme,50
knd,50
nqj,50
hs,50
dvo,50
dai,0
re,0
kxv,0
mxu,0
jbf,50
bgx,0
cpk,0
ify,0
esj,0
gzt,50
ghh,50
fm,0
dfz,0
bmn,50
bdp,0
nru,50
glt,50
nrw,50
hia,0
ibq,0
g,0
mhw,50
muh,0
aps,0
mek,50
hla,50
edw,50
jve,50
ltr,50
bpj,50
dkg,0
cme,50
ctc,0
mnm,50
nkm,50
cpv,50
ktm,50
gat,50
fbn,50
csx,0
btz,0
ihv,0
cmk,50
gmv,50
lju,0
hvq,0
te,50
ert,0
dse,0
gnb,50
lfv,0
lgl,50
czo,50
fv,0
kgx,50
pq,0
hvn,0
im,0
nnx,50
dfv,50
dur,50
cbr,0
kef,0
cov,0
asa,0
hey,0
jdc,0
idi,50
kso,50
imb,0
hjm,0
cus,0
fel,50
gna,0
bar,50
dzg,0
ipo,50
kjb,50
gbx,50
kjm,0
afg,0
jgc,50
jcg,0
goc,0
lhx,0
ham,0
hro,0
env,0
cyk,50
lhw,0
djy,50
bor,0
lyg,0
dmo,50
hcj,0
ivm,50
gig,50
erk,50
hxz,50
mzx,0
cvr,50
kgy,50
kqz,50
fxz,50
cxc,0
luo,0
ceg,0
lwk,0
hsi,50
bur,50
inl,50
dlc,50
liv,0
hdn,50
gh,50
sy,0
dnq,0
cok,50
gbu,0
ite,50
hky,50
gcu,50
hxs,0
kww,0
hjy,0
lkh,0
kcy,0
jep,0
bgm,0
kgi,50
dpp,50
mby,0
dnk,50
lsv,0
atn,50
bym,0
dtj,0
eqf,0
lqa,0
nac,50
jzf,50
gql,50
kbq,50
qu,50
lfp,50
irf,0
edz,0
gjs,0
nht,50
mxg,0
dzv,0
mem,50
kuj,50
mue,50
mle,0
cpl,0
mok,50
hiy,0
lrx,0
sa,0
hvp,0
gxw,50
bfh,50
mhr,50
ifx,50
flr,50
agm,0
kpe,50
eyt,0
mgy,50
fqa,0
ejr,0
ikz,0
low,50
asp,50
cxo,0
mba,0
fri,50
fkn,50
nod,50
ipf,0
bxb,0
htz,50
jfd,50
ibu,0
gnf,0
ibw,50
bzg,0
kdp,0
kro,50
ffp,50
kda,50
hxv,50
ir,50
hqk,50
fhe,0
lcf,0
lym,50
czb,0
crq,0
iao,0
gyz,0
fgr,50
euw,0
ddv,50
akd,0
ipy,0
gik,0
afd,50
brp,0
fhd,50
wy,50
buj,0
chq,0
dvf,50
ldn,50
cdm,50
nhr,0
kzt,50
lab,50
lmn,0
agv,50
gzu,0
dqo,0
itg,50
dmw,50
nsp,0
acw,50
ety,0
gsh,0
fap,50
luz,0
mpj,50
jeu,50
cw,0
gzh,50
dqe,0
fmq,50
ghn,0
jyn,50
djl,0
idm,0
bny,50
mbs,50
kwn,50
dgm,50
enf,0
mwy,50
etj,50
iar,50
krw,50
kap,50
fub,0
dwa,50
fpn,50
fz,0
um,50
dqw,0
yq,50
ncs,0
gvu,50
bvo,0
cib,0
kfk,50
jaz,0
mmg,0
fxs,50
dke,50
cke,50
cgx,0
lvi,50
bwv,50
mtx,50
nnc,50
flo,0
dfp,50
fmd,0
cal,0
cqb,0
fhz,50
ny,0
ihu,0
fxm,50
nkf,0
dgq,50
kao,0
rm,0
nqn,0
lyy,50
mez,50
lpz,0
het,50
iqd,0
gcq,0
dfk,0
aqs,0
nim,0
hxc,50
hhp,50
gqw,0
nx,0
fbw,50
bie,50
jxq,0
eau,0
coe,0
lmv,0
gaf,0
gzw,50
fee,0
hgf,50
hrt,50
jjr,0
jdt,0
kgq,50
ijl,50
fvq,50
bkr,50
hes,0
myj,0
kqd,0
eum,50
ejo,50
aah,0
eow,0
bmd,50
dxq,50
lbe,0
dmt,0
ebo,0
mtj,50
csf,50
ikf,50
aob,50
aun,50
mpk,50
nik,0
acv,0
ddm,0
eaq,50
kfg,50
fmk,50
ekh,50
ehi,50
gf,0
kfr,0
ccv,50
nrr,0
ddd,0
gss,0
fuz,0
krl,0
mt,50
dhm,50
ia,50
cbp,50
jeg,0
mgm,50
baq,0
elq,50
myq,50
jxu,50
kmc,50
lpj,50
cbc,0
itm,50
dgx,50
lwg,0
lkk,50
njg,0
jua,0
lyk,50
cdc,0
xw,50
gfj,0
ivx,0
fge,50
axx,0
fyo,0
qo,0
jyd,50
bim,50
ilv,0
avh,0
jk,0
jps,0
iwq,50
bqs,50
dja,0
cpg,0
njf,0
awu,0
jdl,0
erm,0
lsx,0
jle,0
iad,0
chp,0
hio,0
hna,50
jxj,0
euq,0
nla,0
oi,50
edy,0
iuz,0
awa,0
bvr,0
igq,0
igl,0
aak,50
gey,0
dir,0
joc,0
lyr,50
lfq,0
ebq,50
isa,0
jon,0
eqo,50
mmr,50
ils,0
ang,0
blc,50
erc,0
auk,0
byr,0
bxg,50
jsa,50
dsz,50
foq,50
kaf,0
bfc,0
hwq,50
hzs,0
dxw,0
jit,0
cjj,0
amu,50
gyy,0
lnw,0
fsq,50
fa,0
ddr,0
jik,0
efd,0
hag,50
kmb,50
epu,0
myd,50
kb,0
mzm,50
uo,50
lkf,50
biy,0
wr,50
jex,0
jvk,0
fig,0
ksh,50
bwx,50
exe,0
mti,0
iyj,0
kwl,50
gve,50
dvv,0
hpi,50
lzx,50
ird,50
bsf,0
mht,0
dqr,0
clr,0
dlw,50
iyr,50
gqm,0
lep,50
iqo,0
jmr,0
muy,0
ael,0
gzz,50
gsr,50
dpq,50
ljq,50
gcl,0
dtz,50
mfa,0
nsr,0
lqj,0
hjv,50
hne,0
mli,0
jzu,0
aoa,0
fvz,50
gi,50
sk,50
fta,50
len,0
dld,50
ipr,50
deg,0
eet,50
mhm,50
iyf,0
iax,0
jwh,0
glk,50
ffc,50
hnq,0
crj,0
gdn,50
mom,0
gfx,0
ecl,0
jzq,50
jer,0
grs,0
aat,50
abe,0
fhy,0
fsl,50
kwk,0
ebb,0
nfb,0
jvr,50
aaj,50
nrs,0
hxr,0
fbg,50
aao,0
dca,0
gxa,50
bzk,0
irg,0
fzu,0
hbi,0
dxe,0
lxp,50
bxs,0
lwq,0
aib,50
fwx,50
fzi,50
jkl,50
gkv,50
jqq,50
lcg,0
cyo,50
gsc,0
gbg,0
cto,50
fuk,0
irq,0
lva,50
nhy,50
mio,50
hy,50
mvy,0
fzt,0
ncy,50
fzb,50
deu,0
w,0
eha,0
jkm,50
bsm,50
duv,50
nmf,50
cxw,50
did,50
hly,50
byj,50
egm,50
jxs,50
ifl,0
abl,0
csi,0
jgp,50
fib,50
qs,50
cnu,50
bmt,0
kov,50
dvy,50
lvo,50
acc,0
avw,50
cpq,0
mgl,50
erx,0
bgq,50
aiy,50
bvs,50
ieg,0
dho,0
gcr,50
evm,50
bkh,0
ahz,0
cbx,50
fld,50
hux,50
adm,50
gak,0
hie,0
enp,50
dmm,0
eky,50
iaa,50
lil,0
dc,0
mhf,0
dig,0
dda,50
gkd,50
dyi,50
nme,50
gts,0
ffy,50
hgh,50
jpq,0
bjh,0
mdr,0
liw,50
bpe,50
dhr,0
msg,0
bku,50
dif,50
alw,0
hf,0
jqe,50
bwq,0
hix,0
czt,50
ju,50
kke,50
bbv,0
mza,0
laj,50
gia,50
aoe,0
jcx,50
fdv,0
nlw,50
anb,0
btg,0
dqh,50
kdu,0
mmy,50
lq,0
ixy,0
lka,0
dnx,50
jhl,0
ada,50
iez,0
knj,50
nix,50
cjl,50
hfa,50
csg,0
iqw,50
far,0
mqk,50
njy,50
mau,0
kuq,50
eiw,50
kyf,50
ioi,50
iik,50
dme,0
ivt,50
egn,50
drp,50
hdk,50
fbz,50
gop,50
hkj,50
jei,0
xt,50
hjd,0
dom,50
lr,0
ikp,50
dbq,0
nrn,0
agf,0
ien,0
kvc,0
ilp,50
hck,50
mcs,0
cha,0
fcr,50
zn,0
ehb,0
iin,50
aoo,50
hrv,0
lqc,50
jzg,50
eis,50
lqr,50
jzs,0
gki,0
ccf,0
izz,50
fuj,0
crl,0
sl,50
gew,50
tt,50
gyi,50
jed,0
mdx,0
fcf,0
apx,50
ddn,0
bgn,0
nnt,0
dbn,0
cff,50
moz,50
lwv,50
nji,0
kmn,0
lex,0
fmi,50
cn,50
eba,50
eos,50
gg,0
nrt,50
bcn,0
hqv,0
bjr,50
dwr,0
iry,0
ira,50
aug,0
ijd,0
msi,50
fcm,50
fes,50
jap,0
bnm,0
fvd,0
goz,50
bdk,50
ceo,50
dcg,0
crd,0
jao,50
gqu,0
fia,50
npz,0
ba,50
cig,0
mji,50
kxn,0
jcy,50
lkg,50
frn,50
hin,0
dtu,50
dbz,50
imw,50
fsd,50
jfw,50
fqy,0
fim,50
idx,50
ct,50
htk,50
kli,50
ebc,50
jxz,0
ta,0
fu,0
bnz,50
kcr,0
zs,0
eja,50
iwx,50
fhc,0
iht,0
lig,50
fyp,0
nhe,50
eqm,0
gjb,0
nbg,0
bdy,0
cur,0
dhs,50
ekq,50
alv,50
gxe,0
kog,0
fto,50
kwp,50
ldm,0
irm,50
hhf,0
bdv,0
jts,50
lbl,0
aif,50
vx,50
djw,0
bqg,50
int,50
mqi,50
hwu,0
kmd,50
kri,50
lho,0
fiu,50
kpd,50
khg,0
jmu,50
lsr,0
mjc,50
gxz,0
bjc,50
muq,0
iq,0
ism,0
bbd,0
jmq,50
gma,0
jzv,50
ti,50
mkn,50
fyx,0
ijh,0
huz,50
hbd,0
jwy,50
fpf,0
blf,50
idq,0
myl,0
kua,50
hws,50
kav,0
las,0
jaa,0
hhc,50
dck,50
dxi,0
gqa,0
kht,0
lxh,50
lco,50
iky,50
arc,0
etq,0
awq,50
bvj,50
nhv,0
edl,0
bgg,50
nsz,0
co,50
ewh,50
bgp,50
guc,0
gof,50
ebd,0
qw,0
gaj,50
cdd,50
mrc,0
ni,50
cnr,50
lcc,50
lsn,0
gha,50
fcv,50
hpt,50
iig,50
cmb,0
blj,0
ish,0
bfk,0
lgx,50
dcp,0
fql,0
ank,0
hxu,50
ibz,50
fnf,0
dbp,0
jde,50
jtq,0
cvj,50
eab,50
mpl,50
hvv,0
bul,0
bfx,0
dio,0
ict,0
jjo,50
ihp,0
cik,50
avu,50
fbm,0
lel,0
muj,0
hic,50
ckr,50
fuy,50
gje,0
mlw,0
cdb,50
kze,50
kez,50
mnc,0
xd,0
dei,50
lui,0
iod,0
fyz,0
elt,0
ghu,50
ilg,0
ccg,0
ehv,50
kme,0
brd,50
gmf,50
emu,0
apm,50
zj,50
hgy,0
nmn,50
feu,50
npq,50
lfe,0
cfp,0
evg,50
def,50
ews,0
kvk,0
epz,50
ghb,0
nj,50
nqb,0
jfc,0
nql,50
hax,50
ggf,0
hqs,50
axi,50
fjp,50
nfp,50
gjx,50
bkg,50
dof,0
cfz,0
hze,50
ngr,0
by,0
bhp,0
coj,50
mpx,0
azh,50
lhh,0
ok,0
ehz,50
jbb,0
fnd,50
hlv,50
gez,50
kpv,50
lbk,0
lww,0
hxj,0
cbs,0
fsi,0
eaz,50
due,50
con,50
bkz,0
fbi,50
asc,50
gsj,50
dlo,50
kdr,0
ar,0
bvm,0
rj,0
llz,0
kyi,50
adw,50
lra,50
fuf,50
bmp,50
hbx,50
bod,50
hxa,50
hyg,0
jod,50
mbi,0
hl,50
lsl,50
mad,50
lph,0
hsu,50
fxe,0
lhs,50
xv,50
fgm,50
ivy,50
il,50
hkc,0
nec,0
deh,50
ewf,50
ddy,0
jlb,0
emq,50
nrp,0
lif,50
nqk,0
mkr,50
izw,50
kma,50
mpc,0
bwt,50
cwa,0
idk,0
csz,0
fng,50
cbd,0
ksf,50
bwg,0
adl,50
ihk,50
dna,0
kdg,50
fph,50
ksr,0
kbg,50
kes,0
djf,50
es,50
hlk,0
aew,0
it,50
fvx,0
ntj,0
lsz,0
aaq,50
njt,50
ym,50
cni,0
jvo,0
fwb,50
koo,0
ivd,0
lhl,0
doe,0
kae,50
cg,0
hkk,0
bwf,0
jfs,0
etz,50
fxd,0
fod,50
kqh,50
jj,50
eoo,0
gmm,50
lcr,50
lso,0
hfs,0
kep,50
hgt,0
myx,50
daj,0
mii,50
jyc,0
cxx,0
klo,0
ue,50
iql,50
ebw,50
hml,50
iap,50
kox,0
fiw,50
hjq,50
pk,50
hir,50
gtb,50
frs,50
dfm,50
cdk,50
fpz,0
mna,50
aqh,0
mov,50
kct,50
edf,50
lxy,50
eim,50
gdg,50
mgx,50
flf,0
khs,0
ao,0
ggm,0
fzc,50
kuy,50
jjm,0
dll,50
cza,50
yu,50
mqc,0
ilx,50
glr,0
jym,0
alj,50
hhr,0
lqs,0
inw,0
nmy,0
mqp,50
nmt,50
jnq,50
mwt,50
gfp,0
iio,50
cjn,0
iyg,0
cfh,50
bhf,0
ahs,50
avv,0
mhu,50
mpd,50
boa,0
cfa,50
qj,50
dnc,50
hse,0
era,50
ip,50
aem,0
erp,0
cou,0
dsj,50
dkm,0
gec,0
evc,50
fxo,0
fik,50
mqh,50
fot,0
klu,50
gmu,0
btn,0
eqy,50
dln,50
cfd,50
dsg,50
muz,50
gks,50
cia,50
jmz,50
fek,0
lhr,50
nlv,50
ckz,0
fud,50
hkb,0
bmf,0
bjd,0
laz,0
iho,50
moy,50
ihx,50
blk,0
lpa,0
hgw,0
emn,0
mvg,0
hbv,50
ihg,50
dmp,50
ebg,50
kkz,0
juo,50
lox,0
hiz,50
ios,0
emo,50
bki,0
hk,0
anz,0
kku,0
ata,0
gjq,50
mvn,50
kxw,50
adr,50
gpc,0
els,0
ilo,50
mij,0
dta,0
ky,50
eul,50
jaw,0
hco,0
mnt,0
hyw,50
gvt,0
gux,50
bkw,0
isk,0
axw,50
aas,0
jjb,50
mfr,50
eph,50
jfb,50
exr,0
kzr,0
fxa,50
ajh,0
mtl,50
czd,0
fhi,50
gxp,50
gfc,50
gxu,0
lnt,0
bs,0
mde,0
mlx,0
his,50
gfy,50
auc,50
yd,0
apq,0
mng,50
klj,50
juz,50
bog,50
nfq,0
agt,0
czh,50
lqi,0
jfa,50
fnt,50
djt,0
gqt,0
eip,0
nff,50
myk,0
ctp,0
gen,0
hmf,50
cuo,0
mzk,50
jre,0
gmz,50
aoj,0
crr,0
fja,0
iqm,0
dnp,0
bht,50
fka,0
knn,50
blv,0
hih,0
ftp,50
npd,0
hgq,50
qg,50
bwc,0
inb,50
doq,0
miz,0
ku,0
mfo,0
gcc,50
bjw,0
crk,0
fnb,0
ixh,50
nfn,50
dvb,0
gda,0
dhn,0
nph,50
cem,0
cyf,50
ehe,50
jgm,50
jff,50
cdg,50
bgf,0
jqu,0
ima,50
ijk,50
mly,0
jf,50
jrv,50
gns,50
dwp,0
nqm,0
jpd,50
egt,0
mnz,0
ijq,50
cts,0
lmz,0
cat,50
abh,0
idv,0
jlw,50
kiu,50
est,50
ksj,50
ghd,50
enq,0
brr,0
gzk,50
gag,50
msh,50
jlz,50
jvu,0
gel,50
egx,0
jpo,50
mfp,0
hov,50
aky,50
nne,0
mjq,0
jdq,0
jhs,0
lcw,50
hdd,0
mmj,0
lem,50
jrn,50
cce,0
fye,0
krg,0
nox,0
hfx,0
lda,50
nrh,0
bbt,0
gpa,50
agb,0
bvy,50
jrl,50
kgt,50
be,0
hsz,50
jcj,0
cjf,50
ico,50
cfu,50
khy,50
ibp,0
jxw,50
daz,50
vw,50
gps,50
grm,50
hbh,0
gzc,50
jco,0
gw,50
iie,0
fkf,50
hsd,0
ddo,50
bvn,50
bvh,0
dun,50
lgp,50
iey,0
ijw,0
gap,50
ihj,50
mdl,50
jka,50
cif,0
dqm,0
nrl,50
ngf,50
ara,0
ifp,50
gvl,50
hac,0
igc,0
axh,50
gqn,0
gei,0
kzi,0
mvb,0
pa,50
hgm,0
kqw,0
ikj,50
lhv,50
crw,50
kig,50
axz,50
jmg,50
hgp,50
gd,0
lvg,0
ger,50
mec,50
mjn,0
ltc,50
kmt,50
nns,50
iyv,0
jza,50
hqi,0
dyv,50
bf,50
buy,0
dgs,0
mhj,50
bix,50
neb,50
brl,50
glo,0
eus,50
lll,0
gmd,50
lhn,0
mjp,50
ezz,0
cz,50
jys,0
equ,0
ifw,0
bji,0
boj,50
bzw,0
ncu,0
bch,50
csn,50
htd,50
hyo,50
jfx,0
big,0
ftg,0
fef,50
juj,50
ng,50
esc,0
dwt,50
gk,0
dmj,0
dzy,50
jgo,0
pj,50
dvp,0
myt,0
eyp,50
od,50
lcl,0
anm,0
jwo,0
ivf,50
bnx,50
fmf,0
jvw,0
hhk,0
epx,50
frp,0
kpx,0
mhq,50
jhi,50
jug,0
ezl,0
byl,50
msz,0
jbl,0
gup,0
hjo,50
dtb,50
nis,50
kk,0
hfh,0
acd,0
jvh,50
nkp,0
jct,0
jlt,50
dbr,0
ndr,0
nex,50
dff,0
blb,0
jmj,0
dqu,50
cdp,0
el,0
llw,50
fxq,50
jln,50
fko,0
apt,0
dla,50
sd,50
ita,50
brx,50
eqg,0
kpg,50
ent,50
eya,50
anx,50
dan,0
cdi,50
za,0
gun,50
ibf,0
jbn,50
kzs,0
hm,50
fss,0
dpu,50
khn,50
tw,0
csu,50
nip,0
nbj,0
ahp,0
mxk,50
mua,50
igx,50
iza,0
mab,0
lfy,50
jwb,0
bid,0
buw,50
kfv,50
gcw,0
evo,50
mvl,50
am,50
ezi,50
mxj,0
mbb,50
ezr,0
cvv,0
mxx,0
igj,50
dvw,0
dh,0
cnl,0
cqu,0
fep,50
fjl,50
dgy,0
cxj,0
gce,0
iaw,0
geu,50
pt,0
jdo,50
ftv,50
fhr,50
crx,50
hkp,0
ch,0
ko,50
bjg,50
dl,0
ajb,0
bwr,50
dxh,50
ftn,0
dlh,0
ixx,0
hzn,50
jlv,0
mym,0
lwo,0
lta,50
kxh,0
fpe,50
ckk,50
iwz,0
nqe,50
mcx,50
ezv,0
jla,50
amv,50
lvf,0
ged,50
inp,50
ajx,50
ez,50
kkd,50
mdp,50
eyw,0
noz,0
bov,0
mcn,0
ebh,50
rh,0
cwz,50
hfu,50
gbr,50
bml,50
gpn,50
clw,50
dvn,0
lrs,50
lye,50
cqh,0
mbc,50
kl,50
byp,50
jwg,0
gpi,0
ceh,50
ark,0
faa,0
kub,50
box,50
jen,50
fsk,50
fsz,50
eup,0
nnd,50
bhj,50
adn,0
iwm,50
yh,50
igo,0
mme,50
bcw,50
apy,0
hwh,0
ecs,50
gth,0
ciw,0
itw,50
jpi,0
hvx,0
iyz,50
hjz,50
awi,0
nea,50
ics,0
bsp,50
dni,50
fgc,50
kns,50
ktn,50
gj,50
lky,50
for,50
kqv,50
khj,0
fvj,50
ftt,0
eee,50
bqn,50
eug,50
fmb,0
jno,0
kbz,50
iwn,0
z,0
bmq,0
cxr,0
blz,0
ye,50
gwy,50
ilk,0
cdw,50
ags,0
gyx,50
atz,50
mkg,0
gye,50
ckq,0
mx,0
aox,50
dpj,0
amn,0
izd,50
lbx,0
lkv,50
kgl,50
kay,50
ihm,50
hyi,0
nio,50
yl,0
crf,50
krk,50
aqg,50
frl,50
eql,50
mnq,50
ipx,0
nu,0
jca,0
ut,0
nw,50
hwo,0
lad,0
cio,0
mvo,50
kil,50
lnn,0
mcw,50
fzf,50
mil,50
nbq,0
goq,0
gsx,0
ctt,0
gor,0
fwf,50
alb,50
ddu,50
eps,0
fdk,50
bkt,50
b,50
hhu,50
kai,0
bww,50
kdi,50
nbm,0
ays,0
gvq,50
rq,50
glm,50
ivw,0
lqx,0
lgi,50
iyl,50
beu,0
cux,50
jvp,50
but,0
dlb,50
lkc,0
hko,0
nax,0
lzf,50
bmm,50
efr,50
ipe,0
lft,50
lpx,0
jgh,50
ndu,0
bqk,50
hnz,0
msw,50
hda,50
fsv,0
njk,50
faz,50
agx,50
ljw,0
guh,50
ctf,0
nak,50
fps,0
jdw,0
lc,0
ekl,0
mmh,50
kff,0
igm,50
brh,0
dov,0
cpa,0
mkm,50
px,0
ekj,50
ii,50
gyo,0
bgc,50
axt,0
bru,0
imi,0
kpu,0
mwv,0
azy,50
lma,0
etw,50
fc,0
gwc,50
eox,50
cws,0
pf,0
kix,50
fdm,0
ial,50
loc,50
hqf,50
bba,0
qd,0
hby,0
liq,0
ahh,0
gkq,50
adp,50
maz,0
mie,50
gbo,0
lio,0
mkc,0
dpv,0
gft,50
dwb,0
mah,50
bvt,50
coz,50
gac,50
jtt,0
kgj,50
lzi,50
kgm,0
mzn,50
nef,50
ekk,50
fq,50
geb,0
jav,0
ckt,50
dcn,0
llv,50
bxe,50
lgg,50
th,50
iyo,0
fej,50
gfz,50
jmb,50
iam,50
mpy,50
jwu,0
awe,0
gwp,0
ftl,50
lmb,0
cla,0
doi,0
jyy,0
dvc,50
htg,50
myu,0
dlm,0
noe,0
lwf,50
cjp,0
zh,0
lnb,0
goe,0
dze,0
cku,50
hww,0
kte,0
cjb,0
nni,50
hys,50
nhl,50
crv,0
fpg,0
uy,50
cpz,0
jge,0
blo,50
dnw,50
kzu,50
dno,50
khq,0
ed,50
hdw,0
gfo,50
enz,50
dgh,0
jos,50
klz,0
hwn,50
hi,50
dez,50
myi,50
ccy,50
dti,50
cxf,50
fwi,0
iol,0
fdt,50
nz,0
bcy,50
dxf,50
fnn,50
lgj,0
auo,0
nhb,50
ghk,50
hsm,0
cln,0
lkd,0
aga,50
hzm,0
lpy,50
gcp,0
cmy,50
csr,0
lue,0
lxc,50
iau,50
bdt,0
bqb,50
ki,0
hoz,0
kgw,50
gfn,50
bme,0
fzz,50
azu,50
ibm,50
cuh,50
dws,50
cxp,0
ql,50
kup,0
ahr,0
lsh,0
aly,50
csj,50
dsp,0
ine,0
emg,50
hpx,50
agy,0
frb,0
lzn,50
c,0
jdp,0
gr,50
eyd,0
jma,0
hds,0
hoo,0
jyi,50
cps,0
klf,50
nlz,50
fut,0
kom,50
hzd,0
ewi,50
jic,0
eeu,0
bup,50
blt,0
ipt,50
dms,0
mqx,0
bdo,50
bgt,50
noh,0
hfm,0
cji,0
ihn,0
cjx,0
njw,0
gzo,0
hxq,50
kvu,0
isq,50
bsv,0
liz,50
fls,0
gko,50
nif,50
iqe,0
htm,50
bhd,0
hps,50
nct,50
bsa,50
mhs,50
kek,0
nkb,50
guo,0
ggt,0
eam,50
mid,50
bhx,0
cju,0
al,0
kwx,0
fir,50
hak,50
cgr,50
mpf,50
hca,0
bxk,0
kwe,50
aca,50
azs,50
bsl,0
dlq,0
bnd,50
fox,50
mvs,0
frz,0
fgf,0
emk,50
knt,0
lec,0
xq,0
ad,0
byv,50
ajq,50
epg,50
lhm,50
nln,0
lbo,0
frw,50
ekr,0
amx,50
ihw,50
cqy,50
mud,0
lke,0
anv,50
auw,50
mso,50
mww,0
dup,50
iaq,50
iyu,0
dfu,50
mfe,50
kng,0
jqn,50
ajv,0
apo,0
hte,50
gca,50
lml,50
gpv,0
zz,50
eai,50
cjy,50
iny,0
ktt,0
jio,50
kjw,50
yw,50
dul,50
ncc,50
fav,50
iah,0
hhw,0
gxb,0
wl,50
dnh,50
mrz,0
mqv,50
nqv,50
ehc,50
fy,50
ljh,50
ijv,50
mtv,0
ana,0
jdm,0
apk,50
mmb,50
ehl,0
loh,0
gxv,0
bkk,50
dqa,50
jjl,50
cje,50
cvk,50
jvi,50
ktf,50
jhb,0
njv,0
qc,0
ggo,0
jyp,50
fov,0
ov,50
gdu,0
eij,0
clh,50
ngz,0
nig,50
cee,50
mbn,50
mny,50
cf,0
kwh,0
kry,50
auy,50
bck,0
lgo,50
edx,50
doo,50
mkk,0
hzk,0
cj,0
eun,0
jt,0
nbr,50
mms,50
mwn,0
ipg,50
fsb,0
dbk,50
cqd,0
dkr,0
csd,0
cbk,50
aer,0
npv,50
ivo,0
ksi,0
njx,50
fkb,0
dxm,50
hpr,50
fbf,0
drk,0
bgl,50
hkl,0
cyi,50
ecz,0
ahu,50
akc,0
jnm,50
os,50
dnf,0
gfh,0
mup,50
dsv,50
dey,50
tp,0
heu,0
cu,0
hkh,0
cac,0
cah,0
dvm,50
ml,0
jtw,50
jgw,50
hxm,50
mrx,50
ghf,0
fzm,0
ecy,50
gzr,50
djg,0
icx,0
log,0
hkr,50
lak,50
amk,50
acz,50
jlc,50
hap,0
gqq,50
fi,50
exx,0
ewo,50
mfu,0
io,50
les,0
hib,50
y,50
khp,0
dje,0
jqr,0
beb,50
gaz,50
lzs,0
msk,50
kmz,0
jwm,0
hpa,0
dzf,0
knu,0
few,0
ese,50
cwk,50
mzl,50
gjl,0
bhv,50
dia,50
lbf,0
boi,50
lbn,50
ahw,50
mia,0
ali,0
fza,50
yb,0
bow,0
cta,0
bjn,50
dbd,50
mqz,50
ant,0
fwj,0
iwi,0
hvl,0
bez,50
lsk,50
ayx,50
arb,50
ccu,0
kel,0
msv,0
dmy,0
mix,0
byf,50
ecj,50
gqy,0
eym,50
mtw,50
liy,0
bon,0
iya,50
koa,0
bne,50
bd,50
cfk,0
mhb,50
pi,50
hkf,50
hyb,0
lwd,50
lck,50
lmh,0
mwb,50
nab,50
jun,50
kdl,50
dt,50
glc,50
haf,50
jhn,50
fuu,0
gib,50
lwb,0
nnl,50
eht,0
kfo,0
iwj,0
hkx,50
del,50
dob,50
ebx,50
cwc,50
bax,0
jot,0
ibj,50
eev,0
kcq,0
cpe,50
uq,0
ckw,0
hhd,50
izk,50
egl,50
dgo,0
hlu,0
gar,50
mha,50
jqo,0
mbj,50
ght,0
gdw,0
dhp,0
app,50
djp,0
adc,50
rg,50
km,50
la,0
jeq,50
awv,0
hsw,50
czf,50
gxq,0
cuw,0
jti,50
dxn,0
mrd,0
etx,0
myv,50
buf,0
dwm,50
fon,0
idu,50
mtd,50
khx,0
drn,50
mln,50
gt,0
dyb,0
jej,50
ivq,0
fqh,50
kzg,0
brt,0
ide,50
crc,50
iyi,0
cwo,0
hbf,50
jrz,0
mxn,50
pz,50
cbm,50
gby,50
nke,50
vk,0
aqi,0
ggn,0
eh,50
gwu,0
chr,50
fnl,50
eqs,0
cxt,0
nt,0
gmp,0
koq,0
gcb,0
hku,0
cbh,0
tb,50
iyk,50
hnp,0
mry,50
avt,0
hof,50
llp,50
esl,50
cea,50
nfe,50
hdz,0
nlj,0
dew,0
frc,0
hsn,50
eep,0
gsw,0
hjf,0
let,50
irk,50
fjf,50
cby,0
ikd,0
bzx,50
egu,0
htu,50
dqx,0
lrl,50
gfw,50
feb,0
dqb,0
eyb,0
hwk,0
dmh,0
dcf,50
bgu,0
jmx,0
afr,0
kvs,50
nti,50
jxd,50
ivc,50
ftc,50
lgz,0
jrx,0
jzz,0
ewz,0
nbp,50
drg,50
lde,0
nth,0
gqv,0
fmm,0
fyt,50
exd,0
cyq,50
ina,50
gdq,0
asb,0
msu,50
dmz,0
bl,50
gix,0
xo,50
fpm,0
fwk,0
end,50
eji,0
emt,0
aht,0
aff,0
dic,0
fqs,0
js,50
llh,50
iec,50
bsc,50
iyb,50
fqq,50
nmv,50
iai,50
huc,50
fhg,50
ief,50
jlf,50
ajy,0
mmx,0
ffe,0
krj,50
cyy,50
moc,50
ias,0
msf,0
lkr,0
isz,50
gue,0
gbc,50
cpn,50
llq,0
iud,0
ium,0
hlr,50
buc,0
lan,0
eeh,0
noo,50
ksn,50
jxk,50
ior,0
blg,0
klx,50
rc,50
eom,0
ktd,0
hpe,0
nad,0
mql,0
lwu,0
chs,0
cmj,50
gnr,50
cks,0
inq,50
gqo,0
btk,50
lia,50
tu,50
jxx,50
cod,50
hiv,50
jpy,50
yz,0
gzb,0
ivn,0
fyc,50
dbw,50
fyh,0
hyf,0
afq,50
gox,50
jsg,0
lpw,50
dag,0
fom,0
cue,50
jrh,50
lpk,50
gaa,0
inz,0
hbg,50
mse,50
gjg,0
fmn,0
jlp,0
lpg,50
st,50
mns,50
fad,50
kxy,0
lla,50
aci,50
nnu,0
elr,0
nit,0
erv,50
jxn,0
ene,50
gzv,0
hwz,0
baf,0
buh,50
nny,50
jxa,0
eyn,0
nfv,50
bxl,50
afo,0
bt,50
yj,50
btv,50
ins,50
eey,0
hso,50
abw,0
kos,0
njs,50
au,0
cve,0
lno,0
ivu,50
lfh,0
ejk,0
jvn,50
mdz,0
mvi,0
ius,0
aii,0
mgp,50
ilf,0
fnx,50
lp,50
mxe,50
zi,50
jkx,0
fbk,50
azv,0
gso,0
icl,50
aqy,50
bmu,50
ha,0
git,0
nfs,0
lwn,0
nks,0
lgw,50
gug,0
kyt,0
mcy,50
gsa,0
lte,0
aab,0
hjh,50
bmy,50
lsq,50
fn,0
lyb,0
kbw,50
bfr,0
ajf,0
ciq,0
lou,50
aea,50
nhq,0
ayi,0
imr,0
bkb,0
ibh,50
bcr,0
mzf,0
lqf,50
lfk,0
kve,0
ebz,0
iui,50
drq,0
jac,50
cbl,0
eif,0
gvs,50
gjm,50
coo,50
kuh,0
alf,0
ggg,0
mwz,0
fed,50
kgv,0
kyc,50
ncv,50
cry,0
aod,0
lqb,50
ht,0
mrv,50
imf,50
ik,50
cmd,0
lnx,50
iph,0
ild,50
jeo,50
id,50
aft,0
ain,50
meo,0
bpx,50
ui,0
avq,0
gfr,50
fkl,0
elf,0
lpn,50
lej,50
kul,50
kxr,50
kvi,0
mhz,0
fjc,0
hlx,0
efu,0
ldl,50
bph,50
hzt,0
cmf,0
lge,50
gnp,50
jvc,50
flp,50
ixq,0
asf,0
nbv,0
doh,0
jsf,0
hvt,50
beg,0
iuq,0
cpm,0
btc,0
dfr,0
ggw,50
net,0
ikx,50
leo,0
ekn,0
ieb,0
htt,0
fkq,0
jaf,50
nsh,50
ggl,50
ge,50
mmq,50
emd,50
mav,50
dxx,50
ajt,0
ipp,0
axq,50
bpl,50
bsg,0
dyx,50
jdn,50
fwn,0
eme,50
fyd,0
imk,50
cmh,50
gyf,50
ntn,0
fok,50
eqq,50
htw,0
jar,50
gta,50
hfd,0
kfw,0
djj,50
kjz,50
kxs,50
ltq,0
mlk,50
kcu,50
fhu,50
ebp,50
drr,0
je,0
ijc,0
dpm,50
cnm,0
dsn,0
guu,50
adk,50
fil,0
ie,50
cex,0
jhw,50
ixt,50
fsn,0
csh,50
cxa,0
gqe,50
ble,50
nou,50
lhf,0
hsq,50
hfb,0
ajj,0
krd,50
com,0
alo,0
dg,0
bwn,0
cdo,50
evz,50
myo,0
chd,0
hxi,50
eud,0
lht,50
cyd,0
jjp,50
kzy,0
nsg,50
eso,0
hwl,0
anq,50
ccb,50
fyu,0
ahx,0
jzp,50
aus,0
gcy,0
mqs,0
hzw,0
noq,0
isi,50
jrw,50
mwi,0
czc,0
bky,0
dzc,0
gkm,50
eci,50
gdl,0
koy,0
bdf,50
eak,0
dny,50
air,0
fct,50
cyp,0
jqf,0
nro,50
gyn,0
ax,0
dab,0
epl,0
alz,50
all,50
dzx,0
jra,0
hik,0
jpt,0
bhi,0
mtn,50
lbr,0
dbf,50
jxl,50
caw,50
lef,0
fgi,50
kmu,0
icj,0
lug,0
hjs,50
mlj,0
esb,50
kyx,0
cey,50
mjh,50
bek,50
kiz,0
ldq,0
ef,0
nej,50
ktc,0
nlb,50
eyl,50
nih,0
lnd,50
cbo,0
eex,0
hbw,0
nay,50
hff,50
iiq,0
hao,0
oo,0
djx,0
bxw,0
ddl,50
kbi,50
gsk,0
tm,0
bec,50
dph,0
lpu,0
igz,0
jmy,0
fcx,50
cvq,0
bkv,0
gab,0
bjt,50
mhi,50
amz,50
mjy,0
euv,0
hwi,50
iz,50
aqf,0
hcd,0
boq,50
byd,0
frj,50
gyh,50
jtb,0
dbj,0
gex,50
auf,50
ghj,50
eqj,0
bfo,50
nmq,0
hwa,50
act,0
mnx,50
kqa,0
aee,0
liu,0
ci,50
afx,0
msx,0
ken,50
aby,0
ewj,50
hdl,0
geg,50
hud,50
mls,50
fin,0
hue,50
afk,0
fxk,0
fqv,0
hrc,0
bcs,50
fcq,0
mge,50
nag,50
ctj,0
jkn,50
lm,0
bkx,50
zy,50
bos,0
igp,50
agq,0
haa,0
bcl,50
kc,50
jgg,0
jou,0
nbu,50
fdj,0
vo,50
hxy,0
cfv,0
hmo,0
ltd,50
dfh,50
o,50
frr,0
fiy,0
jbc,0
ffd,50
ccn,50
fze,50
fco,0
jbw,0
kkw,0
ddc,0
bwk,0
grw,0
eax,50
mhk,50
cdl,50
bkd,0
kge,50
mmz,50
jc,0
eju,0
jlr,0
euz,50
hec,50
ltv,50
pm,0
mw,0
hj,0
jiv,50
fzh,0
abu,0
mmf,0
fre,0
moi,50
jfh,0
ah,50
lyq,0
mmc,50
jjc,0
clt,50
aup,0
gui,50
cjh,0
blw,0
cwr,50
lmp,0
hhh,50
esg,50
zd,0
ati,0
imd,50
jxy,0
gub,50
bmw,0
cdv,0
boz,50
kju,50
bmi,0
fmr,50
loq,50
anl,0
byh,0
adg,50
gfg,50
cqk,50
dcc,0
fvn,0
baj,0
atv,0
diw,0
ctv,50
gxc,0
epo,50
eu,50
hup,0
fxr,50
gnm,0
fip,50
hos,50
efm,0
gbw,0
mxi,0
djh,0
iva,50
ldz,0
ily,50
kce,0
mhc,50
cgl,0
ntd,50
dpa,50
akj,50
kbv,50
hjx,50
eco,0
hyv,50
jtu,0
ktw,50
dos,50
mlf,50
lxm,50
iqj,0
caf,50
hjb,0
ejc,50
mog,50
dye,50
lyi,50
ivr,50
mvx,0
bvq,50
jba,0
gov,0
jqp,0
kuv,0
aya,50
adi,50
hlb,0
mop,50
ilu,0
eov,50
jhv,0
hhq,50
pg,0
nhz,0
jwj,50
mbf,50
llg,50
arp,0
mwm,0
bgy,0
hvy,0
gku,0
cez,0
edm,0
kuu,50
cvz,0
ifg,0
nsx,50
jzy,0
kly,50
hpk,0
ase,0
arx,0
men,50
lnj,50
ixi,0
duj,50
abo,0
fhm,0
dbc,0
na,50
elb,50
kni,50
lag,0
boo,50
yn,0
ioj,0
fty,50
mmo,50
ksc,50
fwh,0
nep,0
juq,0
jsx,50
mcb,50
imt,50
fgu,50
iuv,0
afy,0
kxq,0
den,0
ehy,0
glu,0
adb,0
kpw,0
fyr,0
mdc,50
iob,0
dki,50
ccl,0
brf,0
jcp,50
lbj,50
jml,50
and,0
kzc,50
bse,50
kfa,50
bpr,0
nbi,50
exv,0
mfq,0
hoi,0
jgy,50
jih,0
itp,50
ail,50
bre,0
kfs,0
cq,50
eze,0
fwm,50
eer,50
niv,50
acp,50
gfk,0
cyg,50
gbs,0
jki,50
bc,50
hwp,50
icu,50
nij,50
czi,0
hpc,0
ggu,50
lci,0
cug,50
gnw,0
mhe,0
afh,0
cpc,0
bks,0
cvi,0
aiq,0
gyu,0
afe,0
ngp,0
ejb,0
cet,50
bue,0
hra,0
ewd,0
fti,0
ewg,0
ljt,0
aka,50
lmy,0
mrg,50
hef,50
gjk,0
gjn,50
nkg,0
hcy,0
fji,0
lw,0
kld,0
ixe,0
lzu,0
jow,50
dwq,50
dva,50
jfz,0
ezd,50
cty,0
ejl,50
jb,50
jcm,0
abv,50
akz,50
gdy,50
cow,0
cqp,0
lfl,0
nba,0
gvp,0
jft,0
byw,0
jdb,0
mtt,50
now,50
kal,0
lvv,50
apv,0
aix,50
mu,0
xg,50
gcx,0
eat,0
doa,0
acr,50
huf,50
kzm,50
ijz,50
fij,0
n,50
gwh,0
nhx,50
mri,0
fjs,50
fsy,0
ncq,50
elk,50
lbu,50
hfy,0
cfy,50
lzp,50
ncg,50
mou,0
ezw,0
eil,50
fop,0
kar,0
fqz,50
efe,50
bzm,0
cpw,0
mub,50
cak,0
ezc,50
lyl,50
kxm,50
ciu,0
ifz,0
cl,0
dqs,0
gn,0
jfy,0
jah,50
gnh,0
brz,50
knb,0
oz,50
gwx,0
jtg,0
di,0
fsp,50
cxk,0
fle,50
hlm,0
fya,0
nfa,50
jad,50
jhe,0
cpo,0
awj,0
mbe,0
lgy,0
dpy,0
mbd,50
dxj,0
fnk,0
njn,50
ava,0
ido,50
nc,50
mnj,50
fjr,50
ev,50
mws,0
ker,50
hhe,50
hel,50
hay,0
mmk,0
hvu,0
lyh,0
ljc,0
jxh,0
npl,0
blr,0
dhx,50
gqk,50
ffq,0
iwc,0
hom,0
izf,50
civ,0
caj,0
mmn,0
eue,50
fg,0
klq,0
gke,50
hc,50
pv,0
esu,50
vd,50
lob,50
mcv,0
hcc,50
ap,50
kmp,0
ltg,0
isp,50
mof,0
lpo,50
vt,0
fhb,0
nop,0
adj,0
ffs,50
kse,50
ndw,0
hql,50
elu,50
cxu,50
lxq,50
fxh,50
koh,50
nre,50
imp,0
jqv,0
hza,0
hwv,50
nlf,50
lmq,0
ob,50
mne,50
iab,0
agz,50
glz,0
jwd,50
nlp,0
wn,50
ixg,50
mvq,0
gtu,0
ait,50
cdn,0
mac,50
esq,0
jyg,0
kh,0
dve,0
jny,0
iqa,0
luh,0
chg,0
eek,50
ncj,0
hyp,50
lzg,50
fax,0
ayn,0
ewr,0
asm,0
luy,0
bpu,50
npn,50
nmw,50
nkw,50
ggr,0
gfb,0
npr,50
lvd,50
kqb,0
dqq,0
jek,0
gem,0
bpz,50
azt,50
dbv,0
ya,50
dxk,0
kky,50
lay,50
cop,50
hba,50
cyr,0
npp,50
gjt,0
gz,0
jsv,50
jro,50
ifc,0
etp,50
nho,50
lyo,0
aag,0
ndb,50
aju,50
lhc,50
hrr,50
awy,0
gwj,50
kdc,50
kob,0
ltz,0
bqi,50
eeg,50
cbq,50
itu,50
gfl,50
gqp,50
ij,0
kin,0
bhl,50
jxm,0
alt,0
fdz,50
kn,0
lfd,0
exn,0
etb,50
clk,0
mmu,0
nlm,50
grl,50
djk,0
cxg,0
akx,50
ejs,50
nic,50
nno,0
ean,50
cct,0
wj,50
gtg,50
f,50
bbg,0
nqx,0
dwy,0
iuk,0
mci,0
ecp,50
icz,50
fwz,50
ams,50
dcl,0
ldw,50
aev,0
luf,50
dim,50
ime,0
hxp,0
ffn,0
iye,50
bpi,0
fpp,0
bfe,50
asj,50
ezb,50
ckh,50
ejx,0
fqu,0
lav,0
bwp,50
kmq,50
igb,50
ck,50
kzv,0
mvt,0
max,50
izh,50
bbc,0
kqm,50
iyw,0
hsb,50
ige,50
gkn,0
jfp,50
dvz,50
djm,0
iqx,50
egk,50
enb,0
kpq,50
dyy,0
grq,50
hjw,0
buu,50
ipk,50
cmx,50
lxb,50
ag,50
sp,50
bzv,50
hyx,0
kqp,0
hhx,50
mik,50
fw,50
nkc,50
dqz,50
ixp,50
kdd,50
nsl,50
mwp,50
ol,50
ngt,50
jig,50
faf,0
brc,0
lj,50
kzk,0
eoh,50
lqw,50
avm,0
csy,50
hot,0
iis,50
mzh,50
jpw,50
hz,50
eal,50
dzq,50
boh,50
ice,0
hwm,50
cic,0
eyh,50
mva,50
lrf,0
lhp,0
mqa,50
mrj,0
emw,0
bll,50
dbh,50
kxu,50
dqg,50
nfw,0
zu,50
iim,50
ldr,50
knr,0
cqx,50
bbr,0
dsc,50
jyt,0
etr,0
lkn,0
kmg,0
brv,0
lzl,50
cys,50
ngg,0
fgx,50
jib,50
hed,0
npu,0
pw,50
gbd,50
dea,0
llt,0
fea,50
ari,0
kew,0
aqb,50
lid,50
cxl,0
epr,50
etc,0
iof,50
dha,0
hzp,50
csw,50
lxt,0
ato,0
dml,0
lji,50
eiv,50
kfp,50
fla,50
vq,0
lrp,0
ljv,0
nh,0
p,0
hwg,50
fnh,0
fpx,50
lek,50
kxp,0
eft,0
dgg,0
bps,50
jmt,0
dle,0
hq,0
doz,0
gbk,50
qf,0
ldk,50
hnc,50
nlx,50
hnd,50
llx,50
dqt,50
djr,50
igi,0
fhn,50
gdz,0
mo,0
kzw,0
cob,50
gdv,50
mkx,0
cmo,50
akb,0
igv,50
kph,50
uc,50
lve,0
hmh,0
nry,50
wa,0
nlo,0
cqv,0
se,50
chl,0
hea,0
drh,50
kpf,0
egc,0
gmo,0
fet,0
eyf,50
hee,50
jte,0
dlr,0
bpv,0
fxv,50
fgv,50
inx,50
kll,50
kip,0
jcs,50
awo,50
dmn,50
kpr,50
emx,50
mpg,50
cai,50
kgf,0
evn,50
dgr,0
lnm,50
dmr,50
bir,0
itn,0
blm,50
fvw,0
kba,0
iqi,50
jol,0
hzf,0
hyr,50
abx,0
egj,0
gwo,0
kuk,0
erz,50
gxs,50
kxk,0
iat,0
gev,0
lie,0
kvw,50
ahm,50
gfm,0
hcw,0
isd,50
kwu,0
bnu,50
ell,0
bsk,50
xh,0
cqa,0
azg,0
izo,50
aul,0
dow,50
csp,50
clj,50
kch,50
esk,0
lov,0
iwa,0
no,0
hev,0
gtz,0
bls,50
dls,0
ekb,0
kre,0
knp,50
nto,0
awn,50
hti,0
jpz,0
jll,0
hlj,50
bug,0
hji,50
lsg,0
hsp,0
lnh,50
gbz,0
evu,0
naf,50
hxh,0
ehn,50
atf,0
dwx,50
czq,0
uw,50
ffz,50
bby,50
iiy,0
dmu,0
mrt,0
bbp,0
kjy,0
si,50
mtk,0
diy,0
nar,0
mbo,0
hfo,50
amc,50
jtj,50
gbp,50
lof,0
dzu,50
ash,0
frk,0
mvm,50
hid,0
bcu,0
nas,0
aau,50
t,50
lb,50
cyt,50
kaz,0
gkw,50
kyb,50
aqr,0
dac,50
buv,0
cpd,50
kor,0
mut,50
hop,0
jvq,0
bjy,50
ngd,0
lcu,0
npb,50
jld,0
llc,0
fh,50
aye,50
fhv,0
elw,0
kki,0
gid,50
bfd,50
npe,0
kbe,0
hrl,0
iwg,0
ezj,0
chf,50
jpv,50
enj,50
kql,50
clm,0
hvi,50
ilh,0
ann,0
kpl,0
hoa,50
grc,50
gme,50
gri,0
elp,50
dzj,0
ljx,50
bfq,50
arr,0
hw,0
kml,0
hrd,0
gnz,0
go,50
jiy,50
mux,50
llf,0
arn,0
jne,50
knc,0
iog,0
mpo,50
mff,0
lln,0
llj,0
aij,50
mjo,0
bwd,50
jnv,50
cix,0
xn,50
cek,0
edj,0
cjs,0
iks,50
gu,0
ajz,0
ioh,0
ago,50
kag,50
new,0
gdh,0
hfq,0
euj,0
bnc,0
fzo,50
hdt,50
dsw,0
mfs,0
gpe,50
mod,50
efy,0
ads,0
hcp,50
hpz,0
geq,50
gga,50
jnx,50
efl,50
ep,50
myg,0
ald,50
chn,0
dzp,50
gog,50
bwe,0
vl,0
nrj,0
ick,0
mdk,0
mak,0
dcu,0
ndo,50
aqn,0
jwq,0
bbs,50
ktp,0
ama,50
hhi,0
ibi,50
iqn,0
coa,50
apz,0
ngw,0
lvq,0
kg,50
mrb,0
gmb,0
jux,0
fjt,0
eea,50
jzl,50
kcl,0
fic,50
ebi,50
mxr,0
jns,0
loe,50
boe,0
kam,0
err,0
mgo,0
nrm,50
clo,0
bxn,0
dcy,50
kxb,0
jcc,50
eei,50
dal,0
aba,50
arq,0
ipv,0
hrk,50
ive,50
htp,0
klv,50
yy,50
cjg,50
pn,0
ddx,50
ixc,50
drx,50
bus,0
fmp,50
fcp,0
edh,0
koi,0
gzs,0
jks,50
ibd,50
mya,0
efb,0
mhn,0
mzz,0
caz,0
mas,50
mzo,0
eel,50
kcj,0
hnn,50
eaw,0
ftj,0
awz,0
gdd,50
ts,0
avf,50
rb,50
dyd,50
jkj,50
dst,0
dng,50
bkn,50
vu,0
eah,0
aar,0
kuo,50
fie,50
erf,0
dub,50
lcb,50
ldu,0
kji,50
fcg,50
keq,50
clu,0
yx,0
jdd,50
hrg,0
azi,0
lxi,50
cms,0
bq,50
eq,0
acf,0
cbb,0
nem,0
ahj,0
cau,50
ktb,50
fdu,50
lg,50
eds,0
bom,50
fgl,50
fsa,0
nco,0
jwp,0
lkw,0
mlb,50
ccr,0
fey,50
fmh,0
eae,0
fqo,50
kjo,50
lja,50
mmw,50
bri,50
aw,50
kfj,50
jqi,50
kbf,0
isv,0
aym,50
bew,0
iun,0
ndg,0
ibo,0
mxt,50
mrn,50
ivv,50
gky,0
dat,50
ldc,0
baw,50
iku,0
mmp,0
dfo,50
icw,50
jo,50
idw,0
mcq,0
cmc,0
chh,0
hav,50
law,50
jgj,50
mki,50
czg,0
ebs,50
hgg,50
gaw,50
duz,0
ihi,50
ais,50
esh,0
yc,0
nor,50
ixr,50
iaz,50
jlm,50
ctz,50
acm,50
lks,0
cuf,0
mxd,50
ixj,50
ndl,50
cfx,0
ket,0
ecg,50
bii,0
gjf,0
kls,50
kev,50
kpc,50
nkz,50
eac,0
fba,50
ade,50
ib,0
bro,50
afv,0
nbl,0
eth,50
cxm,0
cos,0
dps,0
ibn,0
ezg,0
kbm,0
ngi,50
hqd,0
atu,0
kjf,50
ktq,50
bm,50
krv,0
ggh,0
emi,0
nkv,0
hyd,0
bfm,0
nnz,50
mtz,0
mpw,0
